product_id,product_no,product_owner,keyword,rank_product_position,rank_top1_product_position,rank_top1_product_id,is_ydt_product,is_window_product,is_p4p_keyword,is_selection_prodcut,keyword_company_count,keyword_window_products_count,keyword_pv_rank
60304466653,JDKF15005,Eva Zhu,bag,5.19,5.19,60304466653,TRUE,TRUE,TRUE,FALSE,4446,406,33000
60304466653,JDKF15005,Eva Zhu,women's bag,1.19,1.19,60304466653,TRUE,TRUE,,FALSE,,,
60304466653,JDKF15005,Eva Zhu,women leather bag,1.14,1.14,60304466653,TRUE,TRUE,FALSE,FALSE,542,27,210
1559300801,JDMA15035,Eva Zhu,money belt,,,,TRUE,FALSE,TRUE,FALSE,184,16,270
1559300801,JDMA15035,Eva Zhu,leather money belt,1.06,1.06,1559300801,TRUE,FALSE,FALSE,TRUE,78,0,9
1559300801,JDMA15035,Eva Zhu,fashion money belt,8.23,8.23,1559300801,TRUE,FALSE,,FALSE,,,
60136764005,JDYB14184,Eva Zhu,wallet to import,10.02,1.07,60473371809,TRUE,FALSE,,TRUE,,,
60136764005,JDYB14184,Eva Zhu,import wallet,10.03,1.07,60473371809,TRUE,FALSE,TRUE,TRUE,67,0,20
1956248291,JDYB14140,Eva Zhu,wallet with chain for men,1.03,1.03,1956248291,TRUE,FALSE,,TRUE,,,
1956248291,JDYB14140,Eva Zhu,mens wallet with chain,5.16,1.05,1766349140,TRUE,FALSE,,TRUE,,,
1956248291,JDYB14140,Eva Zhu,wallet with chain,1.08,1.08,1956248291,TRUE,FALSE,,TRUE,,,
1941319642,JDYB14164,Eva Zhu,genuine leather wallet,,1.11,1725585954,TRUE,FALSE,TRUE,FALSE,818,113,510
1941319642,JDYB14164,Eva Zhu,men genuine leather wallet,,1.2,60461447412,TRUE,FALSE,TRUE,FALSE,204,8,80
1941319642,JDYB14164,Eva Zhu,mens wallet leather genuine,,1.13,60146443926,TRUE,FALSE,,FALSE,,,
1925682102,JDYB14034,Eva Zhu,custom wallet,19.02,1.1,60259503359,TRUE,FALSE,TRUE,FALSE,407,5,120
1925682102,JDYB14034,Eva Zhu,custom leather wallet,17.03,1.1,60259503359,TRUE,FALSE,TRUE,FALSE,296,3,48
1925682102,JDYB14034,Eva Zhu,custom made wallet,1.09,1.09,1925682102,TRUE,FALSE,TRUE,FALSE,227,2,16
1766349140,JDYB14139,Eva Zhu,wallet chain,1.08,1.08,1766349140,TRUE,FALSE,FALSE,TRUE,84,0,60
1766349140,JDYB14139,Eva Zhu,skull wallet chain,1.02,1.02,1766349140,TRUE,FALSE,,TRUE,,,
1734121061,JDYB14182,Eva Zhu,wallet leather,,1.11,60371324029,TRUE,FALSE,TRUE,FALSE,418,27,180
1734121061,JDYB14182,Eva Zhu,leather wallet manufacturer,1.1,1.1,1734121061,TRUE,FALSE,TRUE,FALSE,246,5,180
1734121061,JDYB14182,Eva Zhu,men wallet leather,,1.11,60371324029,TRUE,FALSE,,FALSE,,,
1956417083,JDYB14147,Eva Zhu,men's wallet,,1.11,60259503359,TRUE,FALSE,,FALSE,,,
1956417083,JDYB14147,Eva Zhu,leather mens wallet,,1.11,60259503359,TRUE,FALSE,,FALSE,,,
1956417083,JDYB14147,Eva Zhu,best mens wallet,1.2,1.2,1956417083,TRUE,FALSE,,FALSE,,,
60141997901,JDYB14064,Eva Zhu,woman wallet,,1.17,60068979716,FALSE,FALSE,FALSE,FALSE,936,101,2500
60141997901,JDYB14064,Eva Zhu,wholesale woman wallet,1.22,1.22,60141997901,FALSE,FALSE,,FALSE,,,
60141997901,JDYB14064,Eva Zhu,fashion woman wallet,,1.19,60455615492,FALSE,FALSE,,FALSE,,,
60068979716,JDYB15001,Eva Zhu,women wallet 2015,1.1,1.1,60068979716,TRUE,FALSE,,FALSE,,,
60068979716,JDYB15001,Eva Zhu,brand names women wallet,1.09,1.09,60068979716,TRUE,FALSE,FALSE,FALSE,83,1,29
60390846970,JDMA15041,Amy Wei,honest leather belt,1.06,1.06,60390846970,TRUE,FALSE,FALSE,TRUE,57,2,21
60390846970,JDMA15041,Amy Wei,leather belt no buckle,1.06,1.06,60390846970,TRUE,FALSE,,TRUE,,,
60372889240,JDHB15011,Amy Wei,ladies purse,,1.12,60369800258,FALSE,FALSE,FALSE,FALSE,841,55,1400
60372889240,JDHB15011,Amy Wei,designer purse,,1.21,60366575316,FALSE,FALSE,FALSE,FALSE,260,4,180
60372889240,JDHB15011,Amy Wei,fashion purse,,1.23,60455615492,FALSE,FALSE,FALSE,FALSE,382,1,32
60374186858,JDHB15019,Amy Wei,handbag factories in china,1.16,1.16,60374186858,TRUE,FALSE,,FALSE,,,
60374186858,JDHB15019,Amy Wei,handbag factory,,1.11,60367995587,TRUE,FALSE,FALSE,FALSE,205,5,60
60374487791,JDHB15014,Amy Wei,handbag manufacturer,,1.25,60376978223,FALSE,FALSE,FALSE,FALSE,347,6,60
60374487791,JDHB15014,Amy Wei,china handbag manufacturer,,3.37,60367995587,FALSE,FALSE,FALSE,FALSE,200,3,70
60373442378,JDHB15027,Amy Wei,genuine leather handbag wholesale,1.16,1.16,60373442378,FALSE,FALSE,FALSE,FALSE,142,2,38
60373442378,JDHB15027,Amy Wei,handbag wholesalers hong kong,1.04,1.04,60373442378,FALSE,FALSE,FALSE,TRUE,58,0,80
60373986047,JDHB15017-2,Amy Wei,guangzhou handbag factory,1.15,1.15,60373986047,TRUE,FALSE,FALSE,FALSE,188,6,180
60373986047,JDHB15017-2,Amy Wei,china handbag factory,,1.13,60451032190,TRUE,FALSE,,FALSE,,,
60373942746,JDHB15018,Amy Wei,china handbag,,1.22,60451032190,FALSE,FALSE,TRUE,FALSE,276,2,46
60373942746,JDHB15018,Amy Wei,black handbag,,1.11,60457095414,FALSE,FALSE,FALSE,FALSE,248,2,48
60373942746,JDHB15018,Amy Wei,shoulder handbag,,1.2,60408320756,FALSE,FALSE,TRUE,FALSE,451,14,70
60383508403,JDHB15052,Amy Wei,handbag tote bag,1.33,1.33,60383508403,FALSE,FALSE,FALSE,FALSE,397,21,48
60383508403,JDHB15052,Amy Wei,leather tote bag,1.26,1.26,60383508403,FALSE,FALSE,FALSE,FALSE,603,44,330
60383508403,JDHB15052,Amy Wei,quilted tote bag,1.14,1.14,60383508403,FALSE,FALSE,,FALSE,,,
60376143911,JDHB15024,Amy Wei,ladies handbag manufacturers,,5.27,60367995587,FALSE,FALSE,FALSE,FALSE,374,11,390
60376143911,JDHB15024,Amy Wei,handbag manufacturers china,1.22,1.22,60376143911,FALSE,FALSE,TRUE,FALSE,362,19,570
60387817483,JDHB15075,Amy Wei,messenger bag,,5.23,60407785221,FALSE,FALSE,FALSE,FALSE,1375,130,1700
60387817483,JDHB15075,Amy Wei,messenger bag leather,,1.19,60484559029,FALSE,FALSE,FALSE,FALSE,201,3,100
60387817483,JDHB15075,Amy Wei,shoulder messenger bag,,8.27,60407785221,FALSE,FALSE,FALSE,FALSE,575,11,39
60388098992,JDHB15085,Amy Wei,lady tote bag,,1.17,60392063153,FALSE,FALSE,,FALSE,,,
60388098992,JDHB15085,Amy Wei,korean tote bag,1.14,1.14,60388098992,FALSE,FALSE,FALSE,FALSE,588,15,24
60388098992,JDHB15085,Amy Wei,long strap tote bag,1.15,1.15,60388098992,FALSE,FALSE,FALSE,FALSE,216,1,23
60371517965,JDHB15006,Amy Wei,ladies' handbag at low price,1.15,1.15,60371517965,FALSE,FALSE,FALSE,FALSE,300,2,420
60371517965,JDHB15006,Amy Wei,korea fashion ladies handbag,1.12,1.12,60371517965,FALSE,FALSE,FALSE,FALSE,469,12,70
60371517965,JDHB15006,Amy Wei,korea ladies handbag,1.14,1.14,60371517965,FALSE,FALSE,,FALSE,,,
60392374620,JDAS15007,Amy Wei,file pocket,2.33,2.33,60392374620,FALSE,FALSE,FALSE,FALSE,122,5,70
60392374620,JDAS15007,Amy Wei,document pocket,9.36,9.36,60392374620,FALSE,FALSE,,FALSE,,,
60392391175,JDAS15008,Amy Wei,pouch bag,11.03,11.03,60392391175,FALSE,FALSE,,FALSE,,,
60392391175,JDAS15008,Amy Wei,PU pouch,,,,FALSE,FALSE,,FALSE,,,
60392391175,JDAS15008,Amy Wei,zipper pouch bags,5.04,5.04,60392391175,FALSE,FALSE,,FALSE,,,
60377939084,JDHB15034-2,Amy Wei,womens handbag leather,,4.11,60443379467,TRUE,FALSE,,FALSE,,,
60377939084,JDHB15034-2,Amy Wei,handbag with strap,1.12,1.12,60377939084,TRUE,FALSE,,FALSE,,,
60377939084,JDHB15034-2,Amy Wei,handbag fashion women,,1.2,60422141528,TRUE,FALSE,,FALSE,,,
60376454362,JDHB15026-1,Amy Wei,taiwan handbag,1.06,1.06,60376454362,TRUE,FALSE,FALSE,TRUE,69,1,35
60376454362,JDHB15026-1,Amy Wei,short handle handbag,1.06,1.06,60376454362,TRUE,FALSE,FALSE,TRUE,124,2,42
60376454362,JDHB15026-1,Amy Wei,manufacturer handbag,,1.25,60376978223,TRUE,FALSE,,FALSE,,,
60370834194,JDYB15040,Amy Wei,top grain leather wallet,1.07,1.07,60370834194,TRUE,FALSE,,TRUE,,,
60370834194,JDYB15040,Amy Wei,european leather wallet for men,1.07,1.07,60370834194,TRUE,FALSE,,FALSE,,,
60387994409,JDYB15027,Amy Wei,crocodile wallet,10.06,1.16,60467340391,TRUE,FALSE,FALSE,FALSE,167,4,150
60387994409,JDYB15027,Amy Wei,crocodile skin wallet,1.11,1.11,60387994409,TRUE,FALSE,FALSE,FALSE,94,2,150
60387994409,JDYB15027,Amy Wei,crocodile leather wallet,11.04,1.17,60467340391,TRUE,FALSE,FALSE,FALSE,153,3,90
60394014043,JDHB15072,Amy Wei,crocodile handbag,1.22,1.08,60494188031,FALSE,FALSE,FALSE,TRUE,200,7,300
60394014043,JDHB15072,Amy Wei,tote handbag,,1.15,60456203949,FALSE,FALSE,FALSE,FALSE,570,22,150
60394014043,JDHB15072,Amy Wei,high fashion handbag,,1.2,60374186858,FALSE,FALSE,,FALSE,,,
60394849093,JDHB15063,Amy Wei,lady shoulder bag,,1.34,60393489661,FALSE,FALSE,,FALSE,,,
60394849093,JDHB15063,Amy Wei,shoulder long strip bag,1.13,1.13,60394849093,FALSE,FALSE,FALSE,FALSE,507,8,390
60394849093,JDHB15063,Amy Wei,pu shoulder bag,,1.25,60435288594,FALSE,FALSE,FALSE,FALSE,423,10,42
60402067226,JDHB15045,Amy Wei,designer hand bag,1.32,1.32,60402067226,FALSE,FALSE,FALSE,FALSE,348,11,100
60402067226,JDHB15045,Amy Wei,hand carry bag,1.16,1.16,60402067226,FALSE,FALSE,FALSE,FALSE,342,7,80
60402067226,JDHB15045,Amy Wei,hand bag for lady,,1.2,60399653545,FALSE,FALSE,,FALSE,,,
60389471164,JDHB15023,Amy Wei,pu leather bag,,1.26,60383508403,FALSE,FALSE,FALSE,FALSE,600,28,100
60389471164,JDHB15023,Amy Wei,patch leather bag,1.06,1.06,60389471164,FALSE,FALSE,FALSE,TRUE,57,3,48
60389471164,JDHB15023,Amy Wei,fashion leather bag,,1.31,60392040439,FALSE,FALSE,FALSE,FALSE,482,16,29
60385962153,JDHB15064,Amy Wei,vintage bag,1.43,1.43,60385962153,TRUE,FALSE,FALSE,FALSE,532,12,180
60385962153,JDHB15064,Amy Wei,vintage leather bag,1.33,1.33,60385962153,TRUE,FALSE,FALSE,FALSE,235,6,60
60385962153,JDHB15064,Amy Wei,leather bag vintage,,2.19,60377182350,TRUE,FALSE,,FALSE,,,
60396371899,JDHB15070,Amy Wei,pu bag,,1.16,60401583274,FALSE,FALSE,FALSE,FALSE,668,46,300
60396371899,JDHB15070,Amy Wei,cheap ladies bag,,1.24,60443003858,FALSE,FALSE,,FALSE,,,
60396371899,JDHB15070,Amy Wei,pu ladies bag,,1.12,60401583274,FALSE,FALSE,,FALSE,,,
60398825534,JDHB15074,Amy Wei,shoulder bag handbag,,1.12,60456203949,FALSE,FALSE,FALSE,FALSE,290,9,13
60398825534,JDHB15074,Amy Wei,fashion shoulder bag,,1.39,60450516205,FALSE,FALSE,FALSE,FALSE,1054,31,17
60398825534,JDHB15074,Amy Wei,long handle shoulder bag,19.02,2.33,60406222489,FALSE,FALSE,,FALSE,,,
60404513201,JDHB15042,Amy Wei,linen tote bag,9.23,9.23,60404513201,FALSE,FALSE,FALSE,FALSE,199,1,100
60404513201,JDHB15042,Amy Wei,totes handbags,,1.15,60456203949,FALSE,FALSE,,FALSE,,,
60404513201,JDHB15042,Amy Wei,fashionable handbags for women,,1.19,60393709666,FALSE,FALSE,,FALSE,,,
60371978847,JDHB15003,Amy Wei,wholesale handbag china,1.28,1.28,60371978847,FALSE,FALSE,TRUE,FALSE,666,36,630
60371978847,JDHB15003,Amy Wei,wholesale guangzhou handbag,7.27,7.27,60371978847,FALSE,FALSE,TRUE,FALSE,118,0,60
60404709737,JDYB15021,Amy Wei,best wallets for men,1.09,1.09,60404709737,FALSE,FALSE,,FALSE,,,
60404709737,JDYB15021,Amy Wei,cool wallets for men,1.06,1.06,60404709737,FALSE,FALSE,,TRUE,,,
60404709737,JDYB15021,Amy Wei,best brand leather wallet,1.08,1.08,60404709737,FALSE,FALSE,,TRUE,,,
60414533113,JDLA15019,Amy Wei,suede belt,1.06,1.06,60414533113,TRUE,FALSE,FALSE,TRUE,52,1,17
60414533113,JDLA15019,Amy Wei,woman suede belt,1.02,1.02,60414533113,TRUE,FALSE,,TRUE,,,
60414533113,JDLA15019,Amy Wei,fashion suede belt,1.06,1.06,60414533113,TRUE,FALSE,,TRUE,,,
60418433024,JDHB15093,Amy Wei,custom-made leather bag handbags,1.08,1.08,60418433024,TRUE,FALSE,,FALSE,,,
60418433024,JDHB15093,Amy Wei,men leather handbag,,1.1,60408320756,TRUE,FALSE,,FALSE,,,
60418433024,JDHB15093,Amy Wei,cheap shoulder handbags,,3.24,60376810598,TRUE,FALSE,,FALSE,,,
60431277627,JDHB16005,Amy Wei,backpack teenagers girls,5.33,5.33,60431277627,FALSE,FALSE,,FALSE,,,
60431277627,JDHB16005,Amy Wei,wholesale backpack,8.28,8.28,60431277627,FALSE,FALSE,FALSE,FALSE,729,27,330
60431277627,JDHB16005,Amy Wei,fashion backpack,,,,FALSE,FALSE,FALSE,FALSE,1121,100,180
60410106606,JDYB15054,Amy Wei,key case,2.19,2.19,60410106606,FALSE,FALSE,FALSE,FALSE,432,10,180
60410106606,JDYB15054,Amy Wei,leather key case,2.08,2.08,60410106606,FALSE,FALSE,FALSE,FALSE,179,2,120
60425281714,JDCH13013,Amy Wei,cool kids belts,1.06,1.06,60425281714,TRUE,FALSE,,TRUE,,,
60425281714,JDCH13013,Amy Wei,fashion kids belt,4.15,1.06,60165545840,TRUE,FALSE,,TRUE,,,
60425281714,JDCH13013,Amy Wei,lovely kids belt,1.04,1.04,60425281714,TRUE,FALSE,,TRUE,,,
60425430387,JDHB16004,Amy Wei,fur bag,1.19,1.19,60425430387,FALSE,FALSE,FALSE,FALSE,87,1,90
60425430387,JDHB16004,Amy Wei,fake fur bag,1.03,1.03,60425430387,FALSE,FALSE,,TRUE,,,
60425430387,JDHB16004,Amy Wei,fur bag women,1.41,1.41,60425430387,FALSE,FALSE,,FALSE,,,
60426998203,JDYB16006,Amy Wei,personalized leather business card holder,1.09,1.09,60426998203,FALSE,FALSE,,FALSE,,,
60426998203,JDYB16006,Amy Wei,personalized leather card holder,1.1,1.1,60426998203,FALSE,FALSE,,FALSE,,,
60426998203,JDYB16006,Amy Wei,custom card holder,1.21,1.21,60426998203,FALSE,FALSE,FALSE,FALSE,254,8,21
60426167582,JDHB15065,Amy Wei,ladies handbag sale,,5.01,60367995587,FALSE,FALSE,,FALSE,,,
60426167582,JDHB15065,Amy Wei,cheap handbag,,1.29,60376810598,FALSE,FALSE,,FALSE,,,
60426167582,JDHB15065,Amy Wei,wholesale handbag,,1.25,60373442378,FALSE,FALSE,,FALSE,,,
60377145901,JDHB15037-2,Amy Wei,factory direct designer handbag,1.07,1.07,60377145901,TRUE,FALSE,FALSE,TRUE,221,2,70
60377145901,JDHB15037-2,Amy Wei,free sample handbag,1.1,1.1,60377145901,TRUE,FALSE,FALSE,FALSE,59,0,120
60377145901,JDHB15037-2,Amy Wei,morocco leather handbag,1.04,1.04,60377145901,TRUE,FALSE,,TRUE,,,
60142125112,JDYB14066,Eva Zhu,lady wallet,,1.27,60452082189,TRUE,FALSE,TRUE,FALSE,838,62,510
60142125112,JDYB14066,Eva Zhu,lady wallet wholesale,1.14,1.14,60142125112,TRUE,FALSE,,FALSE,,,
60142125112,JDYB14066,Eva Zhu,cute lady wallet wholesale,1.25,1.25,60142125112,TRUE,FALSE,,FALSE,,,
60319173642,JDQT001,Ivy Luo,tool belt,1.07,1.07,60319173642,TRUE,FALSE,TRUE,TRUE,138,9,360
1391898772,JDLA13167,Ivy Luo,polo belt,1.04,1.04,1391898772,TRUE,FALSE,FALSE,TRUE,45,2,210
1547460111,JDLA13349,Ivy Luo,needlepoint belt,1.05,1.05,1547460111,TRUE,FALSE,FALSE,TRUE,63,6,120
1789948886,JDLA15044,Ivy Luo,beaded belt,1.07,1.07,1789948886,TRUE,FALSE,FALSE,TRUE,127,6,80
60033609256,JDLA13316,Ivy Luo,metal belt,1.06,1.06,60033609256,FALSE,FALSE,FALSE,TRUE,202,15,240
60033609256,JDLA13316,Ivy Luo,gold metal belt,1.06,1.06,60033609256,FALSE,FALSE,FALSE,TRUE,63,2,80
60033609256,JDLA13316,Ivy Luo,gold metal waist belt,1.06,1.06,60033609256,FALSE,FALSE,FALSE,TRUE,100,0,23
60072109103,JDMA14021,Ivy Luo,double d ring canvas belt,1.06,1.06,60072109103,FALSE,FALSE,,TRUE,,,
60072109103,JDMA14021,Ivy Luo,mens canvas belt,1.06,1.06,60072109103,FALSE,FALSE,,TRUE,,,
60165545840,JDCH13006,Ivy Luo,polyester belt,15.01,1.12,60447048332,FALSE,FALSE,TRUE,FALSE,279,10,60
60260087304,JDKF15004,Ivy Luo,travel wallet,1.19,1.19,60260087304,TRUE,FALSE,TRUE,FALSE,572,40,750
60260087304,JDKF15004,Ivy Luo,leather travel wallet,1.14,1.14,60260087304,TRUE,FALSE,TRUE,FALSE,248,16,180
60260087304,JDKF15004,Ivy Luo,wholesale leather travel wallet,1.09,1.09,60260087304,TRUE,FALSE,,FALSE,,,
60301760770,JDMA15042,Ivy Luo,webbing belt,1.09,1.09,60301760770,FALSE,TRUE,FALSE,TRUE,394,41,180
60301760770,JDMA15042,Ivy Luo,canvas belt,1.08,1.08,60301760770,FALSE,TRUE,FALSE,TRUE,273,22,330
60301760770,JDMA15042,Ivy Luo,fabric belt,1.06,1.06,60301760770,FALSE,TRUE,FALSE,TRUE,249,18,150
60349723766,JDLA13090,Ivy Luo,leather belt without holes,1.06,1.06,60349723766,TRUE,FALSE,FALSE,TRUE,97,2,100
60326100040,JDLA13329,Ivy Luo,belt bag,4.21,4.21,60326100040,TRUE,FALSE,TRUE,FALSE,375,12,270
60326100040,JDLA13329,Ivy Luo,waist belt bag,5.12,5.12,60326100040,TRUE,FALSE,TRUE,FALSE,432,10,29
60326100040,JDLA13329,Ivy Luo,leather belt bag,2.16,1.08,60326100040,TRUE,FALSE,TRUE,TRUE,82,0,31
60355591964,JDYB14048,Ivy Luo,female wallet cheap,1.04,1.04,60355591964,TRUE,FALSE,TRUE,TRUE,100,1,36
60355591964,JDYB14048,Ivy Luo,female wallet,1.12,1.12,60355591964,TRUE,FALSE,,FALSE,,,
60308792369,JDMA15021,Ivy Luo,ratchet belt,1.07,1.07,60308792369,TRUE,FALSE,FALSE,TRUE,97,10,330
60330084812,JDYB15004,Ivy Luo,low price ladies pars hand ladies wallet,1.06,1.06,60330084812,TRUE,FALSE,FALSE,TRUE,109,1,2200
60348911538,JDLA15046,Ivy Luo,braided belt,,1.06,60175955565,TRUE,FALSE,FALSE,TRUE,224,26,150
60348911538,JDLA15046,Ivy Luo,cotton braided belt,3.01,1.06,60175955565,TRUE,FALSE,,TRUE,,,
60428737424,JDHB15088,Amy Wei,long handles handbag,2.33,2.33,60428737424,FALSE,FALSE,,FALSE,,,
60428737424,JDHB15088,Amy Wei,leopard printed handbag,1.09,1.09,60428737424,FALSE,FALSE,,FALSE,,,
60428737424,JDHB15088,Amy Wei,handbags for women,,3.23,60367995587,FALSE,FALSE,FALSE,FALSE,718,16,70
60450201638,JDMA14026,Amy Wei,woven leather belt,3.01,1.06,60450201638,FALSE,FALSE,,TRUE,,,
60450201638,JDMA14026,Amy Wei,mens woven leather belts,1.03,1.03,60450201638,FALSE,FALSE,,TRUE,,,
60450201638,JDMA14026,Amy Wei,leather waist belt,1.06,1.06,60450201638,FALSE,FALSE,,TRUE,,,
60378444532,JDHB15041-1,Amy Wei,handbag beijing,1.02,1.02,60378444532,TRUE,FALSE,,TRUE,,,
60378444532,JDHB15041-1,Amy Wei,2013 latest design bags women handbag,1.12,1.12,60378444532,TRUE,FALSE,,FALSE,,,
60378444532,JDHB15041-1,Amy Wei,handbag supplier,1.23,1.23,60378444532,TRUE,FALSE,TRUE,FALSE,151,1,32
60431076685,JDMA16037,Amy Wei,vintage leather belt,1.06,1.06,60431076685,FALSE,FALSE,,TRUE,,,
60431076685,JDMA16037,Amy Wei,embossed leather belts,1.06,1.06,60431076685,FALSE,FALSE,,TRUE,,,
60431076685,JDMA16037,Amy Wei,designer mens belts,11.02,1.06,60436950471,FALSE,FALSE,,TRUE,,,
60201673796,JDMA13248,Amy Wei,belt,,1.08,60301760770,TRUE,TRUE,FALSE,TRUE,2076,206,7000
60201673796,JDMA13248,Amy Wei,leather belt,1.09,1.09,60201673796,TRUE,TRUE,,TRUE,,,
60201673796,JDMA13248,Amy Wei,genuine leather belt,10.02,1.08,60050805268,TRUE,TRUE,FALSE,TRUE,529,104,600
60372326543,JDPG15005,Amy Wei,dog neck belt,1.07,1.07,60372326543,TRUE,FALSE,FALSE,TRUE,76,0,35
60372326543,JDPG15005,Amy Wei,cat neck belt,1.12,1.12,60372326543,TRUE,FALSE,,FALSE,,,
60372326543,JDPG15005,Amy Wei,pet belt,17.35,7.14,60330965635,TRUE,FALSE,FALSE,FALSE,91,1,34
60374449809,JDHB15008-1,Amy Wei,handbag import wholesale,1.14,1.14,60374449809,TRUE,FALSE,FALSE,FALSE,233,4,120
60374449809,JDHB15008-1,Amy Wei,china handbag wholesale,,1.21,60451032190,TRUE,FALSE,FALSE,FALSE,181,2,120
60374449809,JDHB15008-1,Amy Wei,women handbag wholesale,1.32,1.32,60374449809,TRUE,FALSE,,FALSE,,,
60429477641,JDYB14063,Amy Wei,ladies beautiful wallets,3.35,3.35,60429477641,TRUE,FALSE,FALSE,FALSE,473,13,32
60429477641,JDYB14063,Amy Wei,custom printed wallets,,1.12,60452082189,TRUE,FALSE,FALSE,FALSE,235,8,39
60429477641,JDYB14063,Amy Wei,zip around wallet,1.12,1.12,60429477641,TRUE,FALSE,,FALSE,,,
60406222489,JDHB15077,Amy Wei,designer bag,3.36,3.36,60406222489,FALSE,FALSE,FALSE,FALSE,793,25,840
60406222489,JDHB15077,Amy Wei,fancy ladies bag,,1.15,60397234320,FALSE,FALSE,FALSE,FALSE,95,0,42
60406222489,JDHB15077,Amy Wei,studded bag,1.14,1.14,60406222489,FALSE,FALSE,,FALSE,,,
60433083429,JDLA16015,Amy Wei,leather polo belt,1.34,1.05,1391898772,FALSE,FALSE,,TRUE,,,
60433083429,JDLA16015,Amy Wei,handmade polo belt,1.01,1.01,60433083429,FALSE,FALSE,,TRUE,,,
60433083429,JDLA16015,Amy Wei,western leather belt,1.06,1.06,60433083429,FALSE,FALSE,,TRUE,,,
1768928865,JDYB16016,Amy Wei,card holder,,1.25,60368456644,FALSE,TRUE,FALSE,FALSE,2157,154,2800
1768928865,JDYB16016,Amy Wei,business card holder,1.17,1.17,1768928865,FALSE,TRUE,FALSE,FALSE,1820,132,1100
1768928865,JDYB16016,Amy Wei,leather business card holder,1.13,1.13,1768928865,FALSE,TRUE,FALSE,FALSE,405,13,35
60453733648,JDHB16027,Amy Wei,luxury designer handbag,1.13,1.13,60453733648,FALSE,FALSE,,FALSE,,,
60453733648,JDHB16027,Amy Wei,wholesale designer handbag,1.23,1.23,60453733648,FALSE,FALSE,,FALSE,,,
60453733648,JDHB16027,Amy Wei,vintage designer handbag,1.08,1.08,60453733648,FALSE,FALSE,,TRUE,,,
60422141528,JDHB16011,Amy Wei,bags handbag women,1.24,1.24,60422141528,TRUE,FALSE,FALSE,FALSE,690,42,810
60422141528,JDHB16011,Amy Wei,newest pictures lady fashion handbag,1.09,1.09,60422141528,TRUE,FALSE,FALSE,FALSE,473,20,1200
60422141528,JDHB16011,Amy Wei,fashion bag ladies handbag 2016,1.13,1.13,60422141528,TRUE,FALSE,FALSE,FALSE,186,8,390
60435288594,JDHB16028,Amy Wei,women pu shoulder bag,1.22,1.22,60435288594,FALSE,FALSE,,FALSE,,,
60435288594,JDHB16028,Amy Wei,cheap pu shoulder bag,1.11,1.11,60435288594,FALSE,FALSE,,FALSE,,,
60435288594,JDHB16028,Amy Wei,new arrival shoulder bag,1.19,1.19,60435288594,FALSE,FALSE,,FALSE,,,
60435275734,JDHB16029,Ivy Luo,leather shoulder bag,,1.18,60411788673,FALSE,FALSE,,FALSE,,,
60435275734,JDHB16029,Ivy Luo,woman leather shoulder bag,,1.12,60411788673,FALSE,FALSE,,FALSE,,,
60435275734,JDHB16029,Ivy Luo,black woman leather shoulder bag,1.06,1.06,60435275734,FALSE,FALSE,,FALSE,,,
60436668545,JDMA16038,Ivy Luo,belt for man,,1.09,60436728115,FALSE,FALSE,,TRUE,,,
60436668545,JDMA16038,Ivy Luo,leather belt for man,,1.08,60436728115,FALSE,FALSE,,TRUE,,,
60436668545,JDMA16038,Ivy Luo,hand braided leather belt for man,1.01,1.01,60436668545,FALSE,FALSE,,TRUE,,,
60425771237,JDMA15047,Amy Wei,best weight lifting belt,1.06,1.06,60425771237,TRUE,FALSE,,TRUE,,,
60425771237,JDMA15047,Amy Wei,custom weight lifting,4.03,4.03,60425771237,TRUE,FALSE,,FALSE,,,
60425771237,JDMA15047,Amy Wei,wholesale weight lifting belt,1.08,1.08,60425771237,TRUE,FALSE,,TRUE,,,
60439253972,JDMA16039,Amy Wei,men formal belt,16.01,1.06,60436950471,FALSE,FALSE,,TRUE,,,
60439253972,JDMA16039,Amy Wei,solid leather belt ,1.05,1.05,60439253972,FALSE,FALSE,,TRUE,,,
60439253972,JDMA16039,Amy Wei,leather belt with removable buckle,1.06,1.06,60439253972,FALSE,FALSE,,TRUE,,,
60441165999,JDMA16021,Ivy Luo,webbing belt,,1.09,60301760770,FALSE,FALSE,FALSE,TRUE,394,41,180
60441165999,JDMA16021,Ivy Luo,baseball webbing belt,1.01,1.01,60441165999,FALSE,FALSE,,FALSE,,,
60441165999,JDMA16021,Ivy Luo,leather baseball webbing belt,1.01,1.01,60441165999,FALSE,FALSE,,FALSE,,,
60443003858,JDHB15035,Ivy Luo,tote lady bag,,1.17,60392063153,FALSE,FALSE,,FALSE,,,
60443003858,JDHB15035,Ivy Luo,cheap pu tote lady bag,1.08,1.08,60443003858,FALSE,FALSE,,FALSE,,,
60443003858,JDHB15035,Ivy Luo,hotsale pu tote lady bag,1.02,1.02,60443003858,FALSE,FALSE,,TRUE,,,
60443379467,JDHB15040,Ivy Luo,lady handbag leather,1.15,1.15,60443379467,FALSE,FALSE,FALSE,FALSE,131,4,46
60443379467,JDHB15040,Ivy Luo,casual lady handbag leather,1.07,1.07,60443379467,FALSE,FALSE,,FALSE,,,
60443379467,JDHB15040,Ivy Luo,fashion retro casual lady handbag leather,1.01,1.01,60443379467,FALSE,FALSE,,TRUE,,,
60443360595,JDLA15005,Ivy Luo,leather strip for belt,1.03,1.03,60443360595,FALSE,FALSE,FALSE,TRUE,22,0,40
60443360595,JDLA15005,Ivy Luo,cowhide leather strip for belt,1.02,1.02,60443360595,FALSE,FALSE,,FALSE,,,
60443360595,JDLA15005,Ivy Luo,OEM cowhide leather strip for belt,1.02,1.02,60443360595,FALSE,FALSE,,FALSE,,,
60441817064,JDMA16017,Amy Wei,best leather belt,4.01,1.06,60457002012,FALSE,FALSE,,TRUE,,,
60441817064,JDMA16017,Amy Wei,embroidered belt,1.06,1.06,60441817064,FALSE,FALSE,FALSE,TRUE,51,0,19
60441817064,JDMA16017,Amy Wei,embroidered leather belt,1.05,1.05,60441817064,FALSE,FALSE,,TRUE,,,
60403849208,JDMA13205,Amy Wei,cowboy belt,2.01,1.07,60450276409,TRUE,FALSE,FALSE,TRUE,70,1,70
60403849208,JDMA13205,Amy Wei,new model belt,1.07,1.07,60403849208,TRUE,FALSE,FALSE,TRUE,107,1,120
60403849208,JDMA13205,Amy Wei,extra wide leather belt,1.03,1.03,60403849208,TRUE,FALSE,,TRUE,,,
60410284023,JDHB15079,Amy Wei,handmade bag,,1.22,60397234320,FALSE,FALSE,FALSE,FALSE,509,9,570
60410284023,JDHB15079,Amy Wei,bag ladies,,2.07,60398803182,FALSE,FALSE,,FALSE,,,
60392040439,JDHB15091,Amy Wei,bag leather wholesale,,3.21,60304466653,FALSE,FALSE,FALSE,FALSE,109,4,120
60392040439,JDHB15091,Amy Wei,hand bag manufacturer,1.14,1.14,60392040439,FALSE,FALSE,FALSE,FALSE,144,4,36
60392040439,JDHB15091,Amy Wei,women fashion bag,1.37,1.37,60392040439,FALSE,FALSE,FALSE,FALSE,321,14,47
60392888577,JDHB15068,Amy Wei,pu tote bag,,1.15,60392063153,FALSE,FALSE,FALSE,FALSE,421,8,70
60392888577,JDHB15068,Amy Wei,european tote bag,1.13,1.13,60392888577,FALSE,FALSE,FALSE,FALSE,146,0,36
60392888577,JDHB15068,Amy Wei,women tote bag,,1.43,60475048373,FALSE,FALSE,,FALSE,,,
60445275966,JDMA15024,Ivy Luo,split leather belt,1.09,1.06,60446597061,FALSE,FALSE,,TRUE,,,
60445275966,JDMA15024,Ivy Luo,casual split leather belt,1.04,1.04,60445275966,FALSE,FALSE,,TRUE,,,
60445275966,JDMA15024,Ivy Luo,mens casual split leather belt,1.02,1.02,60445275966,FALSE,FALSE,,TRUE,,,
60445528449,JDYB15058,Amy Wei,women purse,,1.23,60455615492,FALSE,FALSE,FALSE,FALSE,589,25,570
60445528449,JDYB15058,Amy Wei,best women purse,1.09,1.09,60445528449,FALSE,FALSE,,FALSE,,,
60445528449,JDYB15058,Amy Wei,popular women purse,1.08,1.08,60445528449,FALSE,FALSE,,TRUE,,,
60391729483,JDMA15046,Amy Wei,weight lifting belt,1.09,1.09,60391729483,TRUE,FALSE,FALSE,TRUE,250,19,720
60391729483,JDMA15046,Amy Wei,lifting belt,2.02,1.08,60391729483,TRUE,FALSE,FALSE,TRUE,176,13,330
60391729483,JDMA15046,Amy Wei,leather weight lifting belt,1.08,1.08,60391729483,TRUE,FALSE,FALSE,TRUE,80,3,80
60424083754,JDYB16012,Amy Wei,custom leather wallet for men,,1.11,60424338310,TRUE,FALSE,,FALSE,,,
60424083754,JDYB16012,Amy Wei,designer men's wallets,,1.14,1749487111,TRUE,FALSE,,FALSE,,,
60424083754,JDYB16012,Amy Wei,mens luxury wallet,6.03,1.08,60424083754,TRUE,FALSE,,TRUE,,,
60403867503,JDYB15010,Amy Wei,small coin wallet,1.09,1.09,60403867503,FALSE,FALSE,,FALSE,,,
60403867503,JDYB15010,Amy Wei,small wallet for women,1.07,1.07,60403867503,FALSE,FALSE,,FALSE,,,
60403867503,JDYB15010,Amy Wei,red wallet,1.11,1.11,60403867503,FALSE,FALSE,,FALSE,,,
60427373549,JDHB15076,Amy Wei,cheap handbags for women,1.14,1.14,60427373549,FALSE,FALSE,,FALSE,,,
60427373549,JDHB15076,Amy Wei,trendy women handbag,,3.31,60376302843,FALSE,FALSE,,FALSE,,,
60427373549,JDHB15076,Amy Wei,women handbag,,1.19,60377939084,FALSE,FALSE,,FALSE,,,
60416920563,JDMA13138,Amy Wei,cartoon printed belt,1.06,1.06,60416920563,TRUE,FALSE,,TRUE,,,
60416920563,JDMA13138,Amy Wei,male printed belt,1.01,1.01,60416920563,TRUE,FALSE,,TRUE,,,
60416920563,JDMA13138,Amy Wei,fashion belt 2013,1.06,1.06,60416920563,TRUE,FALSE,,TRUE,,,
60401104291,JDMA15005,Amy Wei,cheap man belt,7.01,1.07,60438978758,TRUE,FALSE,,TRUE,,,
60401104291,JDMA15005,Amy Wei,men's pu belt,6.01,1.06,60438978758,TRUE,FALSE,,TRUE,,,
60383152206,JDHB15049,Amy Wei,satchel bag,1.17,1.17,60383152206,FALSE,FALSE,FALSE,FALSE,472,16,210
60383152206,JDHB15049,Amy Wei,leather satchel bag,1.12,1.12,60383152206,FALSE,FALSE,FALSE,FALSE,200,5,21
60383152206,JDHB15049,Amy Wei,crossbody satchel bag,1.12,1.12,60383152206,FALSE,FALSE,,FALSE,,,
60423020804,JDYB14167,Amy Wei,slim wallets for men,1.14,1.14,60423020804,FALSE,FALSE,,FALSE,,,
60423020804,JDYB14167,Amy Wei,leather slim wallet,19.02,1.17,1956481313,FALSE,FALSE,,FALSE,,,
60423020804,JDYB14167,Amy Wei,men slim wallet,,2.33,1956481313,FALSE,FALSE,,FALSE,,,
60404379094,JDHB15069,Amy Wei,cute cheap handbag ,1.09,1.09,60404379094,FALSE,FALSE,,FALSE,,,
60404379094,JDHB15069,Amy Wei,fashion handbags wholesale ,1.37,1.37,60404379094,FALSE,FALSE,,FALSE,,,
60404379094,JDHB15069,Amy Wei,handbag for ladies,,3.36,60367995587,FALSE,FALSE,,FALSE,,,
60399653545,JDHB15087,Amy Wei,ladies fancy bags,,1.15,60397234320,FALSE,FALSE,FALSE,FALSE,1065,24,660
60399653545,JDHB15087,Amy Wei,ladies fancy hand bags,1.11,1.11,60399653545,FALSE,FALSE,FALSE,FALSE,131,0,150
60399653545,JDHB15087,Amy Wei,handbag lady,,1.12,60367995587,FALSE,FALSE,,FALSE,,,
60375235093,JDHB15081,Amy Wei,fashion handbags 2014,1.17,1.17,60375235093,FALSE,FALSE,,FALSE,,,
60375235093,JDHB15081,Amy Wei,latest design ladies handbag,1.18,1.18,60375235093,FALSE,FALSE,FALSE,FALSE,346,9,31
60375235093,JDHB15081,Amy Wei,handbags fashion,,1.21,60422141528,FALSE,FALSE,FALSE,FALSE,409,12,70
60377033006,JDYB15022,Amy Wei,mobile purse,1.11,1.11,60377033006,TRUE,FALSE,FALSE,FALSE,80,1,36
60377033006,JDYB15022,Amy Wei,purse for women ,,1.09,60456564956,TRUE,FALSE,,FALSE,,,
60377033006,JDYB15022,Amy Wei,hand purse for women,1.12,1.12,60377033006,TRUE,FALSE,,FALSE,,,
60446597061,JDMA15019,Ivy Luo,cork belt,1.01,1.01,60446597061,FALSE,FALSE,FALSE,TRUE,5,0,31
60446597061,JDMA15019,Ivy Luo,leather split cork belt,1.01,1.01,60446597061,FALSE,FALSE,,TRUE,,,
60446597061,JDMA15019,Ivy Luo,mens leather split cork belt,1.01,1.01,60446597061,FALSE,FALSE,,TRUE,,,
60390790678,JDHB15080,Amy Wei,handbags ladies 2015 women bag,1.13,1.13,60390790678,FALSE,FALSE,FALSE,FALSE,29,1,15
60390790678,JDHB15080,Amy Wei,women pu bag,1.16,1.16,60390790678,FALSE,FALSE,,FALSE,,,
60390790678,JDHB15080,Amy Wei,oem woman bags,1.12,1.12,60390790678,FALSE,FALSE,,FALSE,,,
60384198057,JDHB15060,Amy Wei,cross body bag,1.29,1.29,60384198057,FALSE,FALSE,FALSE,FALSE,508,23,330
60384198057,JDHB15060,Amy Wei,leather cross body bag,1.16,1.16,60384198057,FALSE,FALSE,FALSE,FALSE,213,6,60
60384198057,JDHB15060,Amy Wei,cute cross body bag,1.07,1.07,60384198057,FALSE,FALSE,,TRUE,,,
60368569715,JDYB14018,Amy Wei,minimalist wallet,1.08,1.08,60368569715,TRUE,FALSE,TRUE,TRUE,132,0,240
60368569715,JDYB14018,Amy Wei,young man wallet,1.07,1.07,60368569715,TRUE,FALSE,,TRUE,,,
60368569715,JDYB14018,Amy Wei,simple wallet,12.02,1.09,60454902795,TRUE,FALSE,,FALSE,,,
60373110074,JDHB15029,Amy Wei,leather handbag,,1.19,60376353457,FALSE,FALSE,FALSE,FALSE,1004,151,2500
60373110074,JDHB15029,Amy Wei,genuine leather handbag,,1.13,60367995587,FALSE,FALSE,FALSE,FALSE,675,109,480
60373110074,JDHB15029,Amy Wei,leather handbag factory,15.01,1.1,60367995587,FALSE,FALSE,FALSE,FALSE,217,5,300
60440935587,JDYB15043,Amy Wei,leather card case,,4.15,60472391658,FALSE,FALSE,FALSE,FALSE,222,5,19
60440935587,JDYB15043,Amy Wei,business card case,,7.11,60453392270,FALSE,FALSE,FALSE,FALSE,684,17,150
60440935587,JDYB15043,Amy Wei,credit card case,1.2,1.2,60440935587,FALSE,FALSE,FALSE,FALSE,381,7,80
60447205311,JDMA15023,Ivy Luo,tribal belt,3.01,3.01,60447205311,FALSE,FALSE,FALSE,FALSE,20,2,12
60447205311,JDMA15023,Ivy Luo,ethnic tribal belt,1.04,1.04,60447205311,FALSE,FALSE,,FALSE,,,
60447205311,JDMA15023,Ivy Luo,woven ethnic tribal belt,1.02,1.02,60447205311,FALSE,FALSE,,FALSE,,,
60447727041,JDMA15006,Ivy Luo,belt men leather,14.01,1.07,1605356179,FALSE,FALSE,FALSE,TRUE,30,0,120
60447727041,JDMA15006,Ivy Luo,brown belt men leather,1.04,1.04,60447727041,FALSE,FALSE,,TRUE,,,
60447727041,JDMA15006,Ivy Luo,distressed finish brown belt men leather,1.01,1.01,60447727041,FALSE,FALSE,,TRUE,,,
60448023198,JDLA16022,Amy Wei,skinny brown braided belt,2.04,2.04,60448023198,FALSE,FALSE,,FALSE,,,
60448023198,JDLA16022,Amy Wei,cheap braided belt,3.21,3.21,60448023198,FALSE,FALSE,,FALSE,,,
60448023198,JDLA16022,Amy Wei,make braided belt,1.37,1.37,60448023198,FALSE,FALSE,,FALSE,,,
60447526750,JDLA15025,Ivy Luo,sport belt,,,,FALSE,FALSE,FALSE,FALSE,216,12,150
60447526750,JDLA15025,Ivy Luo,webbing sport belt,2.05,2.05,60447526750,FALSE,FALSE,,FALSE,,,
60447526750,JDLA15025,Ivy Luo,woman webbing sport belt,1.01,1.01,60447526750,FALSE,FALSE,,TRUE,,,
60447558704,JDMA15033,Ivy Luo,golf ball marker belt,1.38,1.38,60447558704,FALSE,FALSE,,FALSE,,,
60447558704,JDMA15033,Ivy Luo,leather golf ball marker belt,1.01,1.01,60447558704,FALSE,FALSE,,TRUE,,,
60447558704,JDMA15033,Ivy Luo,man leather golf ball marker belt,1.01,1.01,60447558704,FALSE,FALSE,,TRUE,,,
60448811060,JDLA15010,Ivy Luo,custom letter buckles belt,1.08,1.08,60448811060,FALSE,FALSE,,FALSE,,,
60448811060,JDLA15010,Ivy Luo,leather custom letter buckles belt,1.01,1.01,60448811060,FALSE,FALSE,,TRUE,,,
60448811060,JDLA15010,Ivy Luo,leather custom letter buckles belt for woman,1.01,1.01,60448811060,FALSE,FALSE,,TRUE,,,
60448356200,JDLA16027,Amy Wei,patent leather belt,1.06,1.06,60448356200,FALSE,FALSE,,TRUE,,,
60448356200,JDLA16027,Amy Wei,black patent leather belt,1.02,1.02,60448356200,FALSE,FALSE,,TRUE,,,
60448356200,JDLA16027,Amy Wei,thick leather belt,1.06,1.06,60448356200,FALSE,FALSE,,TRUE,,,
60449136436,JDYB14116,Amy Wei,women wallet magnetic closure,3.03,1.03,1769392106,FALSE,FALSE,,TRUE,,,
60449136436,JDYB14116,Amy Wei,custom wallet for women,1.1,1.1,60449136436,FALSE,FALSE,,FALSE,,,
60449136436,JDYB14116,Amy Wei,woman wallet,,1.17,60068979716,FALSE,FALSE,FALSE,FALSE,936,101,2500
60371767054,JDPG15003,Amy Wei,fashion dog collar,3.32,3.32,60371767054,TRUE,FALSE,,FALSE,,,
60371767054,JDPG15003,Amy Wei,making leather dog collars,2.38,1.07,60371767054,TRUE,FALSE,,TRUE,,,
60371767054,JDPG15003,Amy Wei,pet dog collar,5.04,5.04,60371767054,TRUE,FALSE,FALSE,FALSE,339,16,70
60393709666,JDHB15030,Amy Wei,design your own leather handbag,1.07,1.07,60393709666,TRUE,FALSE,TRUE,TRUE,90,0,20
60393709666,JDHB15030,Amy Wei,make your own handbag,1.07,1.07,60393709666,TRUE,FALSE,TRUE,TRUE,110,0,100
60393709666,JDHB15030,Amy Wei,pure leather handbags,1.12,1.12,60393709666,TRUE,FALSE,FALSE,FALSE,307,7,70
60451976079,JDYB16018,Amy Wei,fashion design leather wallet,1.14,1.14,60451976079,FALSE,FALSE,,FALSE,,,
60451976079,JDYB16018,Amy Wei,wallet with metal clip,1.06,1.06,60451976079,FALSE,FALSE,,TRUE,,,
60451976079,JDYB16018,Amy Wei,lady leather wallet 2014,1.07,1.07,60451976079,FALSE,FALSE,,TRUE,,,
60470120877,JDMA15032,Ivy Luo,leather belt material,7.01,1.07,60449524535,FALSE,FALSE,FALSE,TRUE,88,2,80
60470120877,JDMA15032,Ivy Luo,plaid leather belt material,1.01,1.01,60470120877,FALSE,FALSE,,TRUE,,,
60470120877,JDMA15032,Ivy Luo,man plaid leather belt material,1.01,1.01,60470120877,FALSE,FALSE,,TRUE,,,
60450446660,JDMA15031,Ivy Luo,leather garment belt,7.23,7.23,60450446660,FALSE,FALSE,,FALSE,,,
60450446660,JDMA15031,Ivy Luo,male leather garment belt,2.01,2.01,60450446660,FALSE,FALSE,,FALSE,,,
60450446660,JDMA15031,Ivy Luo,formal male leather garment belt,1.03,1.03,60450446660,FALSE,FALSE,,FALSE,,,
60470917697,JDMA15028,Ivy Luo,discount belt,1.06,1.06,60470917697,FALSE,FALSE,,TRUE,,,
60470917697,JDMA15028,Ivy Luo,leather discount belt,1.06,1.06,60470917697,FALSE,FALSE,,TRUE,,,
60470917697,JDMA15028,Ivy Luo,man leather discount belt,1.06,1.06,60470917697,FALSE,FALSE,,TRUE,,,
60449524535,JDMA15029,Ivy Luo,stock belt,3.03,1.06,60449524535,FALSE,FALSE,,TRUE,,,
60449524535,JDMA15029,Ivy Luo,stock belt leather material,3.12,3.12,60449524535,FALSE,FALSE,,FALSE,,,
60449524535,JDMA15029,Ivy Luo,man stock belt leather material,1.02,1.02,60449524535,FALSE,FALSE,,FALSE,,,
60450295052,JDWB15002,Amy Wei,waist bag,5.31,5.31,60450295052,FALSE,FALSE,FALSE,FALSE,1137,116,1300
60450295052,JDWB15002,Amy Wei,waist bag for men,4.1,4.1,60450295052,FALSE,FALSE,FALSE,FALSE,421,11,60
60450295052,JDWB15002,Amy Wei,leather waist bag,13.34,3.1,60326100040,FALSE,FALSE,FALSE,FALSE,208,1,80
60424338310,JDYB16013,Amy Wei,leather wallets for men personalized,1.08,1.08,60424338310,TRUE,FALSE,,TRUE,,,
60424338310,JDYB16013,Amy Wei,custom embossed wallet,1.08,1.08,60424338310,TRUE,FALSE,,FALSE,,,
60424338310,JDYB16013,Amy Wei,fancy mens wallet,1.08,1.08,60424338310,TRUE,FALSE,,TRUE,,,
60428120977,JDYB16011,Amy Wei,wallet men genuine leather,,1.13,60146443926,FALSE,FALSE,FALSE,FALSE,39,3,80
60428120977,JDYB16011,Amy Wei,men gender wallet,1.04,1.04,60428120977,FALSE,FALSE,,TRUE,,,
60428120977,JDYB16011,Amy Wei,durable man leather wallet,1.08,1.08,60428120977,FALSE,FALSE,,TRUE,,,
60371826650,JDYB15057,Amy Wei,purse men leather,,1.09,60364011782,FALSE,FALSE,,FALSE,,,
60371826650,JDYB15057,Amy Wei,leather coin purse for men,8.34,8.34,60371826650,FALSE,FALSE,,FALSE,,,
60371826650,JDYB15057,Amy Wei,purse with coin pocket,2.13,2.13,60371826650,FALSE,FALSE,,FALSE,,,
60453426441,JDYB15055,Amy Wei,business card slim wallet,1.07,1.07,60453426441,FALSE,FALSE,,TRUE,,,
60453426441,JDYB15055,Amy Wei,women slim wallet,1.1,1.1,60453426441,FALSE,FALSE,,FALSE,,,
60453426441,JDYB15055,Amy Wei,hot selling slim wallet,1.08,1.08,60453426441,FALSE,FALSE,,FALSE,,,
60409959308,JDYB15052,Amy Wei,business card holder wallet,1.15,1.15,60409959308,FALSE,FALSE,,FALSE,,,
60409959308,JDYB15052,Amy Wei,credit card holder wallet,1.26,1.26,60409959308,FALSE,FALSE,,FALSE,,,
60409959308,JDYB15052,Amy Wei,leather credit card holder wallet,1.2,1.2,60409959308,FALSE,FALSE,,FALSE,,,
60386186408,JDYB15044,Amy Wei,multi card leather wallet,1.07,1.07,60386186408,TRUE,FALSE,,TRUE,,,
60386186408,JDYB15044,Amy Wei,wallet card,,4.14,60146443926,TRUE,FALSE,TRUE,FALSE,76,0,28
60386186408,JDYB15044,Amy Wei,vintage cowhide wallet,1.04,1.04,60386186408,TRUE,FALSE,,TRUE,,,
60404715963,JDYB15036,Amy Wei,designer wallets,,1.17,1769394688,FALSE,FALSE,,FALSE,,,
60404715963,JDYB15036,Amy Wei,factory leather wallet,12.03,1.19,60455837541,FALSE,FALSE,,FALSE,,,
60404715963,JDYB15036,Amy Wei,men cheap leather wallet,1.16,1.16,60404715963,FALSE,FALSE,,FALSE,,,
60371775470,JDYB15026,Amy Wei,custom velcro wallets,1.02,1.02,60371775470,TRUE,FALSE,FALSE,TRUE,46,0,23
60371775470,JDYB15026,Amy Wei,wallet women hot,1.09,1.09,60371775470,TRUE,FALSE,,FALSE,,,
60371775470,JDYB15026,Amy Wei,cheap money wallet,1.07,1.07,60371775470,TRUE,FALSE,,TRUE,,,
60441902622,JDMA16041,Amy Wei,fashion cloth belt,3.22,3.22,60441902622,FALSE,FALSE,,FALSE,,,
60441902622,JDMA16041,Amy Wei,cheap belt for men,19.03,1.07,60448292236,FALSE,FALSE,,TRUE,,,
60441902622,JDMA16041,Amy Wei,fashion pu belt with fabric,1.03,1.03,60441902622,FALSE,FALSE,,TRUE,,,
60450375165,JDHB16038,Eva Zhu,canvas beach bag,1.19,1.19,60450375165,FALSE,FALSE,FALSE,FALSE,673,42,180
60450375165,JDHB16038,Eva Zhu,cotton string bag,,,,FALSE,FALSE,FALSE,FALSE,297,1,60
60450375165,JDHB16038,Eva Zhu,stripe canvas beach tote bag wholesale,3.38,3.38,60450375165,FALSE,FALSE,FALSE,FALSE,213,6,120
60450516205,JDHB16036,Eva Zhu,banana bag,,,,FALSE,FALSE,FALSE,FALSE,114,4,180
60450516205,JDHB16036,Eva Zhu,banana PU bag,1.01,1.01,60450516205,FALSE,FALSE,,TRUE,,,
60450516205,JDHB16036,Eva Zhu,banana corssbody bag,1.01,1.01,60450516205,FALSE,FALSE,,TRUE,,,
60448171528,JDHB16034,Eva Zhu,black mini bag,1.08,1.08,60448171528,FALSE,FALSE,,TRUE,,,
60448171528,JDHB16034,Eva Zhu,cute mini bags,2.23,1.08,60448171528,FALSE,FALSE,,TRUE,,,
60448171528,JDHB16034,Eva Zhu,black rivet handbag,3.06,1.04,60448171528,FALSE,FALSE,,TRUE,,,
60448159502,JDHB16033,Eva Zhu,rivet knapsack,1.2,1.2,60448159502,FALSE,FALSE,,FALSE,,,
60448159502,JDHB16033,Eva Zhu,PU rivet knapsack,1.15,1.15,60448159502,FALSE,FALSE,,FALSE,,,
60448159502,JDHB16033,Eva Zhu,knapsack,,,,FALSE,FALSE,FALSE,FALSE,270,5,300
60447659501,JDHB16032,Eva Zhu,mini rivet bags,2.11,1.03,60448171528,FALSE,FALSE,,TRUE,,,
60447659501,JDHB16032,Eva Zhu,women rivet bags,,2.15,60448171528,FALSE,FALSE,,FALSE,,,
60447659501,JDHB16032,Eva Zhu,mini rivet backpack,1.25,1.25,60447659501,FALSE,FALSE,,FALSE,,,
60438006259,JDMA16040,Amy Wei,classic luxury leather belt,1.01,1.01,60438006259,FALSE,FALSE,,TRUE,,,
60438006259,JDMA16040,Amy Wei,high quality leather belt strap,1.07,1.07,60438006259,FALSE,FALSE,,TRUE,,,
60438006259,JDMA16040,Amy Wei,brass buckle leather belt,3.18,1.02,60441817064,FALSE,FALSE,,TRUE,,,
60451032190,JDHB16042,Eva Zhu,bulk wholesale handbags,1.1,1.1,60451032190,FALSE,FALSE,FALSE,FALSE,274,3,100
60451032190,JDHB16042,Eva Zhu,high quality handbag offers,1.01,1.01,60451032190,FALSE,FALSE,,TRUE,,,
60451032190,JDHB16042,Eva Zhu,new handbag 2017,1.01,1.01,60451032190,FALSE,FALSE,,TRUE,,,
60438978758,JDMA16032,Amy Wei,faux leather belt,1.06,1.06,60438978758,FALSE,FALSE,,TRUE,,,
60438978758,JDMA16032,Amy Wei,non leather belts,2.15,2.15,60438978758,FALSE,FALSE,,FALSE,,,
60445622608,JDMA16006,Amy Wei,china belt supplier,,1.07,60201673796,FALSE,FALSE,,TRUE,,,
60445622608,JDMA16006,Amy Wei,natural cowhide belt blanks,1.01,1.01,60445622608,FALSE,FALSE,,TRUE,,,
60436950471,JDMA15034,Amy Wei,handmade belt,,1.06,60433083429,TRUE,FALSE,,TRUE,,,
60436950471,JDMA15034,Amy Wei,handmade leather belts,8.01,1.06,60450201638,TRUE,FALSE,FALSE,TRUE,94,0,31
60436950471,JDMA15034,Amy Wei,brazil leather belt,1.29,1.29,60436950471,TRUE,FALSE,,FALSE,,,
60451934643,JDMA15003,Ivy Luo,belts for man,,1.09,60436728115,FALSE,FALSE,,TRUE,,,
60451934643,JDMA15003,Ivy Luo,leather belts for man,,1.08,60436728115,FALSE,FALSE,,TRUE,,,
60451934643,JDMA15003,Ivy Luo,full grain leather belts for man,1.06,1.06,60451934643,FALSE,FALSE,,TRUE,,,
60452086297,JDMA13111,Amy Wei,fashion belts wholesale,1.14,1.14,60452086297,FALSE,FALSE,,FALSE,,,
60452086297,JDMA13111,Amy Wei,white belt,17.28,1.08,60445275966,FALSE,FALSE,,TRUE,,,
60452086297,JDMA13111,Amy Wei,belt own design,3.01,1.06,60354049648,FALSE,FALSE,,TRUE,,,
60452082189,JDYB14001,Amy Wei,wallets ladies,1.28,1.28,60452082189,FALSE,FALSE,FALSE,FALSE,297,7,90
60452082189,JDYB14001,Amy Wei,wallet factory,1.17,1.17,60452082189,FALSE,FALSE,FALSE,FALSE,84,0,32
60452082189,JDYB14001,Amy Wei,id wallet,1.15,1.15,60452082189,FALSE,FALSE,,FALSE,,,
60453392270,JDYB14051,Amy Wei,card case,2.09,2.09,60453392270,FALSE,FALSE,FALSE,FALSE,644,16,300
60453392270,JDYB14051,Amy Wei,name card case,1.12,1.12,60453392270,FALSE,FALSE,FALSE,FALSE,408,9,31
60453392270,JDYB14051,Amy Wei,denim card case,1.03,1.03,60453392270,FALSE,FALSE,,TRUE,,,
60448684535,JDAS16014,Amy Wei,leather keychain,,,,FALSE,FALSE,FALSE,FALSE,721,63,540
60448684535,JDAS16014,Amy Wei,leather tassel keychain,2.34,2.34,60448684535,FALSE,FALSE,FALSE,FALSE,177,2,150
60448684535,JDAS16014,Amy Wei,leather keychain wholesale,12.24,12.24,60448684535,FALSE,FALSE,FALSE,FALSE,168,13,38
60408632943,JDMA15010,Amy Wei,belt custom,,,,TRUE,FALSE,,FALSE,,,
60408632943,JDMA15010,Amy Wei,leather belt for men dress,1.01,1.01,60408632943,TRUE,FALSE,,TRUE,,,
60408632943,JDMA15010,Amy Wei,mens black leather belt,,1.07,60386617644,TRUE,FALSE,,TRUE,,,
60434281927,JDMA14036,Amy Wei,quality leather belt for men,,1.07,60408632943,FALSE,FALSE,,TRUE,,,
60434281927,JDMA14036,Amy Wei,handmade leather belts for men,1.07,1.07,60434281927,FALSE,FALSE,,FALSE,,,
60434281927,JDMA14036,Amy Wei,braided waist belt,6.01,4.28,60450201638,FALSE,FALSE,,FALSE,,,
60454529608,JDMA14035,Amy Wei,used leather belt,1.07,1.07,60454529608,FALSE,FALSE,FALSE,TRUE,117,1,70
60454529608,JDMA14035,Amy Wei,belt making supplies,1.08,1.08,60454529608,FALSE,FALSE,FALSE,TRUE,99,1,32
60454529608,JDMA14035,Amy Wei,mens leather belt for jean,1.06,1.06,60454529608,FALSE,FALSE,,TRUE,,,
60401934771,JDMA13030,Amy Wei,belt leather,,1.08,1942487372,TRUE,FALSE,FALSE,TRUE,203,19,360
60401934771,JDMA13030,Amy Wei,latest design leather belt,1.06,1.06,60401934771,TRUE,FALSE,,TRUE,,,
60401934771,JDMA13030,Amy Wei,famous designer belts,1.06,1.06,60401934771,TRUE,FALSE,,TRUE,,,
60446822573,JDLA16026,Amy Wei,woven fabric belt,,1.42,60337131763,FALSE,FALSE,,FALSE,,,
60446822573,JDLA16026,Amy Wei,hot waist belt for dress,3.31,3.31,60446822573,FALSE,FALSE,,FALSE,,,
60446822573,JDLA16026,Amy Wei,elastic waist belt,1.06,1.06,60446822573,FALSE,FALSE,,TRUE,,,
60446382918,JDLA16021,Amy Wei,thin braided leather belt,1.02,1.02,60446382918,FALSE,FALSE,,TRUE,,,
60446382918,JDLA16021,Amy Wei,2014 new fashion belt,1.06,1.06,60446382918,FALSE,FALSE,,TRUE,,,
60446382918,JDLA16021,Amy Wei,lady new fashion belt,1.06,1.06,60446382918,FALSE,FALSE,,TRUE,,,
60447064912,JDLA16016,Amy Wei,steel buckle belt,,8.21,1388926178,FALSE,FALSE,,FALSE,,,
60447064912,JDLA16016,Amy Wei,leather hide belt,1.08,1.08,60447064912,FALSE,FALSE,,TRUE,,,
60447064912,JDLA16016,Amy Wei,ladies belt models,1.06,1.06,60447064912,FALSE,FALSE,FALSE,TRUE,95,0,15
60437529535,JDMA16019,Ivy Luo,custom name belt,1.09,1.09,60437529535,FALSE,FALSE,,FALSE,,,
60437529535,JDMA16019,Ivy Luo,custom name belt for man,3.26,3.26,60437529535,FALSE,FALSE,,FALSE,,,
60437529535,JDMA16019,Ivy Luo,elastic stretch custom name belt for man,1.03,1.03,60437529535,FALSE,FALSE,,FALSE,,,
60437409774,JDMA16020,Ivy Luo,tactical belt,1.07,1.07,60437409774,FALSE,FALSE,FALSE,TRUE,163,23,210
60437409774,JDMA16020,Ivy Luo,braided stretch tactical belt,1.01,1.01,60437409774,FALSE,FALSE,,FALSE,,,
60437409774,JDMA16020,Ivy Luo,mens braided stretch tactical belt,1.01,1.01,60437409774,FALSE,FALSE,,FALSE,,,
60475169640,JDPG16001,Eva Zhu,cervical collar,17.11,17.11,60475169640,FALSE,FALSE,FALSE,FALSE,180,21,420
60475169640,JDPG16001,Eva Zhu,pet collar,,13.24,60218616505,FALSE,FALSE,FALSE,FALSE,566,46,840
60475169640,JDPG16001,Eva Zhu,cat collar,10.16,10.16,60475169640,FALSE,FALSE,FALSE,FALSE,220,20,480
60445441491,JDMA15037,Ivy Luo,leather belt parts,1.07,1.07,60445441491,FALSE,FALSE,FALSE,TRUE,55,0,80
60445441491,JDMA15037,Ivy Luo,cow leather belt parts,1.02,1.02,60445441491,FALSE,FALSE,,TRUE,,,
60445441491,JDMA15037,Ivy Luo,man cow leather belt parts,1.01,1.01,60445441491,FALSE,FALSE,,TRUE,,,
60447278919,JDMA15009,Ivy Luo,leather belt brands,1.06,1.06,60447278919,FALSE,FALSE,FALSE,TRUE,57,3,43
60447278919,JDMA15009,Ivy Luo,man leather belt brands,1.06,1.06,60447278919,FALSE,FALSE,,TRUE,,,
60447278919,JDMA15009,Ivy Luo,famous man leather belt brands,1.04,1.04,60447278919,FALSE,FALSE,,TRUE,,,
1435830419,JDMA14038,Ivy Luo,braided rope belt,2.02,1.06,1435830419,TRUE,FALSE,,TRUE,,,
1435830419,JDMA14038,Ivy Luo,braided rope belt for men,1.06,1.06,1435830419,TRUE,FALSE,FALSE,TRUE,69,0,36
1435830419,JDMA14038,Ivy Luo,webbing braided rope belt for men,1.01,1.01,1435830419,TRUE,FALSE,,TRUE,,,
1557416141,JDLA15043,Ivy Luo,cheap rhinestone belts,1.05,1.05,1557416141,TRUE,FALSE,,TRUE,,,
1557416141,JDLA15043,Ivy Luo,colorful belt,,1.08,60447526750,TRUE,FALSE,,TRUE,,,
1557416141,JDLA15043,Ivy Luo,spike belt,1.04,1.04,1557416141,TRUE,FALSE,,TRUE,,,
60349617596,JDLA15009,Ivy Luo,the booty belt,1.01,1.01,60349617596,TRUE,FALSE,FALSE,TRUE,23,1,47
60349617596,JDLA15009,Ivy Luo,top quality the booty belt,1.01,1.01,60349617596,TRUE,FALSE,,TRUE,,,
60349617596,JDLA15009,Ivy Luo,2015 top quality the booty belt,1.01,1.01,60349617596,TRUE,FALSE,,FALSE,,,
60432154868,JDLA16014,Amy Wei,leather belt for lady,1.06,1.06,60432154868,FALSE,FALSE,,TRUE,,,
60432154868,JDLA16014,Amy Wei,quality leather belt,,1.07,60308792369,FALSE,FALSE,,TRUE,,,
60432154868,JDLA16014,Amy Wei,flat buckle belt,8.01,8.01,60432154868,FALSE,FALSE,,FALSE,,,
60386591243,JDLA15055,Amy Wei,macrame belt,1.05,1.05,60386591243,TRUE,FALSE,FALSE,TRUE,24,0,60
60386591243,JDLA15055,Amy Wei,crochet belt,1.06,1.06,60386591243,TRUE,FALSE,,TRUE,,,
60386591243,JDLA15055,Amy Wei,handmade wood beaded belt,1.02,1.02,60386591243,TRUE,FALSE,,TRUE,,,
60444977475,JDLA15006,Ivy Luo,woman leather belt oem,1.03,1.03,60444977475,FALSE,FALSE,,TRUE,,,
60444977475,JDLA15006,Ivy Luo,woman leather belt oem,1.03,1.03,60444977475,FALSE,FALSE,,TRUE,,,
60444977475,JDLA15006,Ivy Luo,new design woman leather belt oem,1.01,1.01,60444977475,FALSE,FALSE,,TRUE,,,
60444558228,JDLA15004,Ivy Luo,belt maker,1.06,1.06,60444558228,FALSE,FALSE,,TRUE,,,
60444558228,JDLA15004,Ivy Luo,leather belt maker,1.06,1.06,60444558228,FALSE,FALSE,,TRUE,,,
60444558228,JDLA15004,Ivy Luo,woman leather belt maker,1.01,1.01,60444558228,FALSE,FALSE,,TRUE,,,
60455235429,JDMA15002,Ivy Luo,designer belt replica men,1.04,1.04,60455235429,FALSE,FALSE,FALSE,TRUE,13,0,38
60455235429,JDMA15002,Ivy Luo,fashion designer belt replica men,1.02,1.02,60455235429,FALSE,FALSE,,TRUE,,,
60455235429,JDMA15002,Ivy Luo,wholesale fashion designer belt replica men,1.02,1.02,60455235429,FALSE,FALSE,,TRUE,,,
60455023614,JDLA15027,Amy Wei,pu waist belt for women,1.06,1.06,60455023614,FALSE,FALSE,,TRUE,,,
60455023614,JDLA15027,Amy Wei,latest women belt,1.06,1.06,60455023614,FALSE,FALSE,,TRUE,,,
60455023614,JDLA15027,Amy Wei,high quality pu belt,1.06,1.06,60455023614,FALSE,FALSE,,TRUE,,,
60441925788,JDLA15002,Ivy Luo,women belt adjustable,4.37,4.37,60441925788,FALSE,FALSE,,FALSE,,,
60441925788,JDLA15002,Ivy Luo,strong leather belt adjustable,1.01,1.01,60441925788,FALSE,FALSE,,TRUE,,,
60441925788,JDLA15002,Ivy Luo,woman dress leather belt adjustable,1.02,1.02,60441925788,FALSE,FALSE,,TRUE,,,
1583604919,JDLA15001,Ivy Luo,pu round belt,7.03,7.03,1583604919,TRUE,FALSE,FALSE,FALSE,105,12,28
1583604919,JDLA15001,Ivy Luo,woman pu round belt,1.03,1.03,1583604919,TRUE,FALSE,,FALSE,,,
1583604919,JDLA15001,Ivy Luo,shinning woman pu round belt,1.01,1.01,1583604919,TRUE,FALSE,,FALSE,,,
60175955565,JDLA14079,Ivy Luo,cotton waxed belt,1.27,1.27,60175955565,TRUE,FALSE,,FALSE,,,
60175955565,JDLA14079,Ivy Luo,cotton braided belt,1.06,1.06,60175955565,TRUE,FALSE,,TRUE,,,
60175955565,JDLA14079,Ivy Luo,handmade cotton thread belt,1.14,1.02,60433083429,TRUE,FALSE,,TRUE,,,
60050726100,JDLA13268,Ivy Luo,elastic belt material,4.29,4.29,60050726100,TRUE,FALSE,FALSE,FALSE,87,0,46
60050726100,JDLA13268,Ivy Luo,women elastic belt material,1.02,1.02,60050726100,TRUE,FALSE,,FALSE,,,
60050726100,JDLA13268,Ivy Luo,wide elastic belt material,1.25,1.25,60050726100,TRUE,FALSE,,FALSE,,,
60322513353,JDLA13125,Ivy Luo,ethnic belt,4.15,1.06,60447205311,TRUE,FALSE,TRUE,TRUE,45,0,50
60322513353,JDLA13125,Ivy Luo,genuine leather ethnic belt,1.01,1.01,60322513353,TRUE,FALSE,,FALSE,,,
60322513353,JDLA13125,Ivy Luo,braided genuine leather ethnic belt,1.01,1.01,60322513353,TRUE,FALSE,,FALSE,,,
60455239145,JDYB16025,Amy Wei,cheap ladies wallets,1.13,1.13,60455239145,FALSE,FALSE,FALSE,FALSE,312,3,12
60455239145,JDYB16025,Amy Wei,non leather wallet,1.03,1.03,60455239145,FALSE,FALSE,,TRUE,,,
60455239145,JDYB16025,Amy Wei,unique womens wallet,1.4,1.4,60455239145,FALSE,FALSE,,FALSE,,,
60455653253,JDYB16026,Amy Wei,ladies purse wallet,20.06,1.19,60463217875,FALSE,FALSE,FALSE,FALSE,93,0,32
60455653253,JDYB16026,Amy Wei,zipper wallet for women,1.09,1.09,60455653253,FALSE,FALSE,,FALSE,,,
60455653253,JDYB16026,Amy Wei,latest wallets for women,1.07,1.07,60455653253,FALSE,FALSE,,FALSE,,,
60476812075,JDYB16027,Ivy Luo,rfid wallet,1.16,1.16,60476812075,FALSE,FALSE,FALSE,FALSE,228,40,840
60476812075,JDYB16027,Ivy Luo,rfid leather wallet,1.08,1.08,60476812075,FALSE,FALSE,FALSE,TRUE,83,8,60
60476812075,JDYB16027,Ivy Luo, men rfid leather wallet,1.07,1.07,60476812075,FALSE,FALSE,,TRUE,,,
60455837541,JDYB16028,Ivy Luo,rfid blocking wallet,8.09,1.09,60476812075,FALSE,FALSE,FALSE,TRUE,231,46,450
60455837541,JDYB16028,Ivy Luo,leather rfid blocking wallet,6.07,1.08,60476812075,FALSE,FALSE,,TRUE,,,
60455837541,JDYB16028,Ivy Luo,men leather rfid blocking wallet,5.07,1.07,60476812075,FALSE,FALSE,,TRUE,,,
60455641758,JDYB16029,Ivy Luo,rfid leather wallet,17.23,1.08,60476812075,FALSE,FALSE,FALSE,TRUE,83,8,60
60455641758,JDYB16029,Ivy Luo,rfid leather wallet for men,1.07,1.07,60455641758,FALSE,FALSE,,TRUE,,,
60455641758,JDYB16029,Ivy Luo,fashion rfid leather wallet for men,1.06,1.06,60455641758,FALSE,FALSE,,TRUE,,,
60455943118,JDHB16047,Amy Wei,bucket bag,,,,FALSE,FALSE,FALSE,FALSE,291,12,270
60455943118,JDHB16047,Amy Wei,cheap bucket bag,19.05,19.05,60455943118,FALSE,FALSE,,FALSE,,,
60455943118,JDHB16047,Amy Wei,girls backpack bag,,,,FALSE,FALSE,FALSE,FALSE,450,13,100
60455801792,JDYB16031,Ivy Luo,rfid shielding wallet,2.01,1.03,60455641758,FALSE,FALSE,FALSE,TRUE,42,4,4
60455801792,JDYB16031,Ivy Luo,leather rfid shielding wallet,2.01,1.02,60455641758,FALSE,FALSE,,TRUE,,,
60455801792,JDYB16031,Ivy Luo,woman leather rfid shielding wallet,1.01,1.01,60455801792,FALSE,FALSE,,TRUE,,,
60455132331,JDYB16032,Ivy Luo,wallet rfid,1.08,1.08,60455132331,FALSE,FALSE,FALSE,TRUE,30,2,20
60455132331,JDYB16032,Ivy Luo,wallet rfid and card holder,1.08,1.08,60455132331,FALSE,FALSE,,TRUE,,,
60455132331,JDYB16032,Ivy Luo,pu wallet rfid and card holder,1.03,1.03,60455132331,FALSE,FALSE,,TRUE,,,
60456115158,JDLA16028,Eva Zhu,belt women,,1.08,1557416141,FALSE,FALSE,,TRUE,,,
60456115158,JDLA16028,Eva Zhu,belt for career dress,1.01,1.01,60456115158,FALSE,FALSE,,TRUE,,,
60456115158,JDLA16028,Eva Zhu,belt female,,1.06,60349723766,FALSE,FALSE,,TRUE,,,
60456371643,JDLA16020,Amy Wei,guangzhou belt,1.07,1.07,60456371643,FALSE,FALSE,TRUE,TRUE,48,1,19
60456371643,JDLA16020,Amy Wei,hot belt,,,,FALSE,FALSE,FALSE,FALSE,83,2,80
60456371643,JDLA16020,Amy Wei,brown ladies belt,12.21,12.21,60456371643,FALSE,FALSE,,FALSE,,,
60457207456,JDHB16049,Ivy Luo,bags handbag shoulder,,1.1,60451131988,FALSE,FALSE,FALSE,FALSE,59,1,210
60457207456,JDHB16049,Ivy Luo,leather bags handbag shoulder,1.09,1.09,60457207456,FALSE,FALSE,,FALSE,,,
60457207456,JDHB16049,Ivy Luo,woman leather bags handbag shoulder,1.1,1.1,60457207456,FALSE,FALSE,,FALSE,,,
60457095414,JDHB16048,Ivy Luo,genuine leather handbag woman,1.18,1.18,60457095414,FALSE,FALSE,,FALSE,,,
60457095414,JDHB16048,Ivy Luo,black genuine leather handbag woman,1.05,1.05,60457095414,FALSE,FALSE,,TRUE,,,
60457095414,JDHB16048,Ivy Luo,genuine leather handbag woman,1.18,1.18,60457095414,FALSE,FALSE,,FALSE,,,
60456473740,JDYB16034,Amy Wei,billfold,,1.14,60355262155,FALSE,FALSE,FALSE,FALSE,53,0,150
60456473740,JDYB16034,Amy Wei,billfold wallet,1.07,1.07,60456473740,FALSE,FALSE,,TRUE,,,
60456473740,JDYB16034,Amy Wei,mens billfold,2.36,1.07,60456473740,FALSE,FALSE,,TRUE,,,
60478207211,JDHB16050,Ivy Luo,custom tote bag,10.11,10.11,60478207211,FALSE,FALSE,FALSE,FALSE,970,48,240
60478207211,JDHB16050,Ivy Luo,genuine leather custom tote bag,1.42,1.42,60478207211,FALSE,FALSE,,FALSE,,,
60478207211,JDHB16050,Ivy Luo,lady handbag custom tote bag,2.33,2.33,60478207211,FALSE,FALSE,,FALSE,,,
60456740501,JDMA13070,Amy Wei,workwear belt,2.21,2.21,60456740501,FALSE,FALSE,,FALSE,,,
60456740501,JDMA13070,Amy Wei,webbing belt strap,8.38,8.38,60456740501,FALSE,FALSE,,FALSE,,,
60456740501,JDMA13070,Amy Wei,army green belt,3.13,1.06,60456740501,FALSE,FALSE,,TRUE,,,
60457002012,JDMA16044,Amy Wei,best belts for men,1.06,1.06,60457002012,FALSE,FALSE,,TRUE,,,
60457002012,JDMA16044,Amy Wei,best leather belts for men,1.06,1.06,60457002012,FALSE,FALSE,,TRUE,,,
60457002012,JDMA16044,Amy Wei,clothing belts,6.17,6.17,60457002012,FALSE,FALSE,,FALSE,,,
60417973726,JDLA15023,Amy Wei,ladies fashion fancy belt,1.06,1.06,60417973726,TRUE,FALSE,,TRUE,,,
60417973726,JDLA15023,Amy Wei,ladies new fashion belt,13.02,1.06,60446382918,TRUE,FALSE,,TRUE,,,
60417973726,JDLA15023,Amy Wei,navy blue belt,1.06,1.06,60417973726,TRUE,FALSE,,TRUE,,,
60407551490,JDLA15017,Amy Wei,no hole leather belt,1.01,1.01,60407551490,TRUE,FALSE,,TRUE,,,
60407551490,JDLA15017,Amy Wei,casual belt,10.01,1.06,60414533113,TRUE,FALSE,,TRUE,,,
60407551490,JDLA15017,Amy Wei,leather belts for women,1.06,1.06,60407551490,TRUE,FALSE,FALSE,TRUE,82,1,19
60403922287,JDLA14008,Amy Wei,genuine leather belt women,,1.06,1557416141,TRUE,FALSE,,TRUE,,,
60403922287,JDLA14008,Amy Wei,women fashion belts,11.03,1.07,60414533113,TRUE,FALSE,FALSE,TRUE,132,6,70
60403922287,JDLA14008,Amy Wei,fashion harness leather belt,1.03,1.03,60403922287,TRUE,FALSE,,TRUE,,,
60414511538,JDLA13170,Amy Wei,pure leather belts,7.02,1.07,60050805268,TRUE,FALSE,FALSE,TRUE,357,33,60
60414511538,JDLA13170,Amy Wei,rivet leather belt,1.06,1.06,60414511538,TRUE,FALSE,,TRUE,,,
60414511538,JDLA13170,Amy Wei,moroccan leather belts,1.05,1.05,60414511538,TRUE,FALSE,FALSE,TRUE,38,0,28
60442571782,JDKF15001,Amy Wei,vegetable tanned leather wallet 2016,1.02,1.02,60442571782,FALSE,FALSE,,TRUE,,,
60442571782,JDKF15001,Amy Wei,women long wallet,1.12,1.12,60442571782,FALSE,FALSE,,FALSE,,,
60442571782,JDKF15001,Amy Wei,types women's wallets,1.04,1.04,60442571782,FALSE,FALSE,,TRUE,,,
60237344086,JDCH13008,Amy Wei,kids belt,1.06,1.06,60237344086,TRUE,FALSE,TRUE,TRUE,85,2,70
60237344086,JDCH13008,Amy Wei,pu kids belt,1.03,1.03,60237344086,TRUE,FALSE,,TRUE,,,
60237344086,JDCH13008,Amy Wei,colorful kids belt,1.06,1.06,60237344086,TRUE,FALSE,,TRUE,,,
60376810598,JDHB15026-2,Amy Wei,import handbag cheap,1.08,1.08,60376810598,FALSE,FALSE,TRUE,TRUE,74,0,29
60376810598,JDHB15026-2,Amy Wei,yiwu market handbag,1.07,1.07,60376810598,FALSE,FALSE,FALSE,TRUE,50,0,50
60376810598,JDHB15026-2,Amy Wei,handbags for ladies,,3.34,60367995587,FALSE,FALSE,,FALSE,,,
60376602311,JDHB15032,Amy Wei,handbag spanish,1.06,1.06,60376602311,FALSE,FALSE,,TRUE,,,
60376602311,JDHB15032,Amy Wei,handmade handbag,,4.35,60422141528,FALSE,FALSE,TRUE,FALSE,221,4,31
60376602311,JDHB15032,Amy Wei,affordable leather handbags,1.02,1.02,60376602311,FALSE,FALSE,,TRUE,,,
60377686828,JDHB15034-1,Amy Wei,2015 fashion handbag,20.03,1.1,60391988032,FALSE,FALSE,,FALSE,,,
60377686828,JDHB15034-1,Amy Wei,ladies fashion genuine leather handbags,1.2,1.2,60377686828,FALSE,FALSE,FALSE,FALSE,313,18,150
60377686828,JDHB15034-1,Amy Wei,inexpensive leather handbags,1.01,1.01,60377686828,FALSE,FALSE,,TRUE,,,
60408320756,JDHB15094,Amy Wei,men shoulder bag leather,18.35,2.19,60484559029,TRUE,FALSE,,FALSE,,,
60408320756,JDHB15094,Amy Wei,men bag leather,,1.15,60484559029,TRUE,FALSE,,FALSE,,,
60408320756,JDHB15094,Amy Wei,men business bag,,6.04,60440712415,TRUE,FALSE,FALSE,FALSE,276,8,44
60398430752,JDHB16010,Amy Wei,bags handbag women genuine leather,,2.24,60443379467,FALSE,FALSE,FALSE,FALSE,44,1,21
60398430752,JDHB16010,Amy Wei,plain leather handbag,1.12,1.12,60398430752,FALSE,FALSE,FALSE,FALSE,233,4,17
60398430752,JDHB16010,Amy Wei,leather fashion handbag,,1.21,60422141528,FALSE,FALSE,,FALSE,,,
60425544158,JDHB16016,Amy Wei,popular fashion lady bags/handbags 2014,1.28,1.28,60425544158,FALSE,FALSE,,FALSE,,,
60425544158,JDHB16016,Amy Wei,fashion elegant ladies handbag,4.31,4.31,60425544158,FALSE,FALSE,,FALSE,,,
60425544158,JDHB16016,Amy Wei,beautiful ladies handbags,1.19,1.19,60425544158,FALSE,FALSE,FALSE,FALSE,840,33,210
60456203949,JDHB16046,Eva Zhu,bags handbag tote,1.14,1.14,60456203949,FALSE,FALSE,FALSE,FALSE,54,0,48
60456203949,JDHB16046,Eva Zhu,utility tote bag,3.3,3.3,60456203949,FALSE,FALSE,FALSE,FALSE,153,1,120
60479844014,JDHB16055,Ivy Luo,leather backpack,,7.19,60424628372,FALSE,FALSE,FALSE,FALSE,611,63,990
60479844014,JDHB16055,Ivy Luo,black leather backpack,3.03,3.03,60479844014,FALSE,FALSE,FALSE,FALSE,109,0,50
60479844014,JDHB16055,Ivy Luo,woman black leather backpack,1.07,1.07,60479844014,FALSE,FALSE,,TRUE,,,
60458489454,JDYB16038,Ivy Luo,rfid travel wallet,1.07,1.07,60458489454,FALSE,FALSE,FALSE,TRUE,73,11,17
60458489454,JDYB16038,Ivy Luo,leather rfid travel wallet,1.07,1.07,60458489454,FALSE,FALSE,,TRUE,,,
60458489454,JDYB16038,Ivy Luo,men leather rfid travel wallet,1.07,1.07,60458489454,FALSE,FALSE,,TRUE,,,
60459206087,JDMA14001,Eva Zhu,leather belt buyers,1.06,1.06,60459206087,FALSE,FALSE,FALSE,TRUE,56,0,180
60459206087,JDMA14001,Eva Zhu,the belt that restore ancient ways,1.02,1.02,60459206087,FALSE,FALSE,,FALSE,,,
60458905739,JDYB16041,Eva Zhu,evening clutch bags,,,,FALSE,FALSE,FALSE,FALSE,592,37,1600
60458905739,JDYB16041,Eva Zhu,clutch evening bags,,,,FALSE,FALSE,FALSE,FALSE,321,19,42
60460347612,JDMA16045,Ivy Luo,automatic belt buckle,1.06,1.06,60460347612,FALSE,FALSE,FALSE,TRUE,166,10,210
60460347612,JDMA16045,Ivy Luo,customized automatic belt buckle,1.07,1.07,60460347612,FALSE,FALSE,,TRUE,,,
60460347612,JDMA16045,Ivy Luo,high quality automatic belt buckle,5.23,5.23,60460347612,FALSE,FALSE,,FALSE,,,
60459268396,JDHB16040,Eva Zhu,canvas handbag,,,,FALSE,FALSE,FALSE,FALSE,715,26,180
60459268396,JDHB16040,Eva Zhu,canvas cross body bags,8.31,8.31,60459268396,FALSE,FALSE,FALSE,FALSE,232,2,38
60459268396,JDHB16040,Eva Zhu,women stripe canvas shoulder bag,4.29,4.29,60459268396,FALSE,FALSE,,FALSE,,,
60460187185,JDMA14002,Eva Zhu,genuine leather rivet belts,2.1,2.1,60460187185,FALSE,FALSE,,FALSE,,,
60460187185,JDMA14002,Eva Zhu,mens belts genuine leather,15.02,1.07,60436950471,FALSE,FALSE,FALSE,TRUE,35,0,60
60460187185,JDMA14002,Eva Zhu,belts for men genuine leather,,1.07,60436728115,FALSE,FALSE,FALSE,TRUE,9,0,3
60460206224,JDMA16047,Ivy Luo,lichee leather automatic belt,1.01,1.01,60460206224,FALSE,FALSE,,TRUE,,,
60460206224,JDMA16047,Ivy Luo,lichee leather automatic belt for man,1.01,1.01,60460206224,FALSE,FALSE,,TRUE,,,
60460206224,JDMA16047,Ivy Luo,high quality lichee leather automatic belt,1.01,1.01,60460206224,FALSE,FALSE,,TRUE,,,
60459284374,JDMA16046,Ivy Luo,adjustable automatic belt,1.06,1.06,60459284374,FALSE,FALSE,,TRUE,,,
60459284374,JDMA16046,Ivy Luo,adjustable automatic leather belt,1.05,1.05,60459284374,FALSE,FALSE,,TRUE,,,
60459284374,JDMA16046,Ivy Luo,men's adjustable automatic leather belt,1.03,1.03,60459284374,FALSE,FALSE,,TRUE,,,
60460211829,JDYB16043,Amy Wei,passport holder,1.29,1.29,60460211829,FALSE,FALSE,FALSE,FALSE,590,69,1600
60460211829,JDYB16043,Amy Wei,leather passport holder,1.18,1.18,60460211829,FALSE,FALSE,FALSE,FALSE,309,42,360
60460211829,JDYB16043,Amy Wei,custom passport holder,1.17,1.17,60460211829,FALSE,FALSE,FALSE,FALSE,248,18,90
60314982271,JDYB15003,Ivy Luo,pu card holder wallet,1.13,1.13,60314982271,FALSE,FALSE,,FALSE,,,
60314982271,JDYB15003,Ivy Luo,id card holder wallet,16.13,16.13,60314982271,FALSE,FALSE,,FALSE,,,
60314982271,JDYB15003,Ivy Luo,small card holder wallet,1.08,1.08,60314982271,FALSE,FALSE,,TRUE,,,
60146443926,JDYB14189,Ivy Luo,wallet genuine leather,1.16,1.16,60146443926,TRUE,FALSE,FALSE,FALSE,84,3,120
60146443926,JDYB14189,Ivy Luo,mens long wallet,11.02,1.1,60461447412,TRUE,FALSE,,FALSE,,,
60146443926,JDYB14189,Ivy Luo,mens long leather wallet,10.03,1.08,60461447412,TRUE,FALSE,,TRUE,,,
60460994044,JDYB16044,Amy Wei,personalized passport holder,1.15,1.15,60460994044,FALSE,FALSE,FALSE,FALSE,138,5,150
60460994044,JDYB16044,Amy Wei,wholesale passport holders,1.14,1.14,60460994044,FALSE,FALSE,FALSE,FALSE,145,3,150
60460994044,JDYB16044,Amy Wei,passport holder leather,13.27,3.26,60460211829,FALSE,FALSE,FALSE,FALSE,97,3,90
60148485267,JDYB14177,Ivy Luo,tough leather wallet,1.07,1.07,60148485267,TRUE,FALSE,FALSE,TRUE,85,0,36
60148485267,JDYB14177,Ivy Luo,leather men wallet,,1.11,60259503359,TRUE,FALSE,FALSE,FALSE,292,19,100
60148485267,JDYB14177,Ivy Luo,cow leather wallet,9.05,1.08,1769026765,TRUE,FALSE,TRUE,TRUE,172,4,32
60330965635,JDPG15006,Ivy Luo,dog belt,3.14,3.14,60330965635,FALSE,FALSE,TRUE,FALSE,142,5,120
60330965635,JDPG15006,Ivy Luo,dog belt price,1.07,1.07,60330965635,FALSE,FALSE,FALSE,TRUE,10,0,24
60330965635,JDPG15006,Ivy Luo,belt dog,1.45,1.45,60330965635,FALSE,FALSE,,FALSE,,,
60468146404,JDMA15038,Ivy Luo,pp belt,,,,FALSE,FALSE,FALSE,FALSE,114,3,80
60468146404,JDMA15038,Ivy Luo,pp webbing belt,17.38,17.38,60468146404,FALSE,FALSE,,FALSE,,,
60468146404,JDMA15038,Ivy Luo,man pp webbing belt,3.3,3.3,60468146404,FALSE,FALSE,,FALSE,,,
60448292236,JDMA15030,Ivy Luo,cheaps man belt,12.01,1.07,60438978758,FALSE,FALSE,,TRUE,,,
60448292236,JDMA15030,Ivy Luo,cheaps man belt for dress pants,1.01,1.01,60448292236,FALSE,FALSE,,TRUE,,,
60448292236,JDMA15030,Ivy Luo,split leather belt for dress pants,1.01,1.01,60448292236,FALSE,FALSE,,TRUE,,,
60461447412,JDYB16042,Amy Wei,passport wallet,1.23,1.23,60461447412,FALSE,FALSE,FALSE,FALSE,415,24,330
60461447412,JDYB16042,Amy Wei,leather passport wallet,1.18,1.18,60461447412,FALSE,FALSE,FALSE,FALSE,179,11,44
60461447412,JDYB16042,Amy Wei,passport wallet 2016,1.06,1.06,60461447412,FALSE,FALSE,,TRUE,,,
60417320738,JDLA14088,Amy Wei,haircalf belt,1.01,1.01,60417320738,TRUE,FALSE,,TRUE,,,
60417320738,JDLA14088,Amy Wei,ladies fashion belt,,1.07,60446382918,TRUE,FALSE,,TRUE,,,
60417320738,JDLA14088,Amy Wei,metallic pu belt,1.01,1.01,60417320738,TRUE,FALSE,,TRUE,,,
1417778828,JDMA13165,Ivy Luo,custom belt leather,1.07,1.07,1417778828,TRUE,FALSE,,TRUE,,,
1417778828,JDMA13165,Ivy Luo,man custom belt leather,1.07,1.07,1417778828,TRUE,FALSE,,TRUE,,,
1417778828,JDMA13165,Ivy Luo,fashion custom belt leather,1.07,1.07,1417778828,TRUE,FALSE,,TRUE,,,
60454543854,JDLA14029,Amy Wei,fashion belts china,1.09,1.09,60454543854,FALSE,FALSE,,FALSE,,,
60454543854,JDLA14029,Amy Wei,buckles belt,,,,FALSE,FALSE,,FALSE,,,
60454543854,JDLA14029,Amy Wei,adult belt,1.06,1.06,60454543854,FALSE,FALSE,,TRUE,,,
60370426535,JDLA15049,Amy Wei,trouser belt,1.06,1.06,60370426535,TRUE,FALSE,FALSE,TRUE,60,1,44
60370426535,JDLA15049,Amy Wei,cloth belt,1.06,1.06,60370426535,TRUE,FALSE,FALSE,TRUE,69,3,17
60370426535,JDLA15049,Amy Wei,women cloth belts,1.05,1.05,60370426535,TRUE,FALSE,,TRUE,,,
60368715104,JDYB16015,Amy Wei,business card holder or name card holder,1.1,1.1,60368715104,FALSE,FALSE,FALSE,FALSE,125,4,13
60368715104,JDYB16015,Amy Wei,name card holder,,1.25,60367502198,FALSE,FALSE,FALSE,FALSE,1341,62,330
60368715104,JDYB16015,Amy Wei,genuine leather name card holder,2.05,1.08,60368715104,FALSE,FALSE,,TRUE,,,
60461932341,JDAS16015,Ivy Luo,luggage tag,20.19,6.02,60471653331,FALSE,FALSE,FALSE,FALSE,1350,140,2300
60461932341,JDAS16015,Ivy Luo,leather luggage tag,17.38,4.34,60471653331,FALSE,FALSE,FALSE,FALSE,525,40,330
60461932341,JDAS16015,Ivy Luo,custom luggage tag,,6.2,60471653331,FALSE,FALSE,FALSE,FALSE,637,42,100
60463010265,JDAS16016,Ivy Luo,leather luggage tag straps,2.01,1.08,60463010265,FALSE,FALSE,FALSE,TRUE,119,1,36
60463010265,JDAS16016,Ivy Luo,blank luggage tag,10.28,10.28,60463010265,FALSE,FALSE,FALSE,FALSE,355,5,70
60463010265,JDAS16016,Ivy Luo,luggage tag wholesale,,5.21,60461932341,FALSE,FALSE,FALSE,FALSE,415,25,150
60463236486,JDMA13279,Eva Zhu,cobra buckle belt,2.15,2.15,60463236486,FALSE,FALSE,FALSE,FALSE,11,1,38
60462062785,JDAS16017,Ivy Luo,keyring,8.34,8.34,60462062785,FALSE,FALSE,FALSE,FALSE,976,35,2000
60462062785,JDAS16017,Ivy Luo,cheap keyring wholesale,3.32,3.32,60462062785,FALSE,FALSE,FALSE,FALSE,105,3,90
60462062785,JDAS16017,Ivy Luo,leather keyring,4.37,4.37,60462062785,FALSE,FALSE,FALSE,FALSE,289,4,120
60444359968,JDHB16031,Amy Wei,women handbag set,6.34,6.34,60444359968,FALSE,FALSE,,FALSE,,,
60444359968,JDHB16031,Amy Wei,leather handbags guangzhou,,,,FALSE,FALSE,,FALSE,,,
60444359968,JDHB16031,Amy Wei,handbag luxury brand,1.07,1.07,60444359968,FALSE,FALSE,FALSE,TRUE,29,0,9
60485644844,JDAS16018,Ivy Luo,cell phone case,,,,FALSE,FALSE,FALSE,FALSE,2150,225,3800
60485644844,JDAS16018,Ivy Luo,free sample phone case,,,,FALSE,FALSE,FALSE,FALSE,460,34,1600
60485644844,JDAS16018,Ivy Luo,phone case packaging,,,,FALSE,FALSE,FALSE,FALSE,378,23,840
60464418885,JDAS16019,Ivy Luo,leather phone case,,,,FALSE,FALSE,FALSE,FALSE,760,69,600
60464418885,JDAS16019,Ivy Luo,blank phone case,16.31,16.31,60464418885,FALSE,FALSE,FALSE,FALSE,410,11,270
60464418885,JDAS16019,Ivy Luo,phone case manufacturing,4.3,4.3,60464418885,FALSE,FALSE,FALSE,FALSE,465,8,300
60464752281,JDAS16020,Ivy Luo,leather case,,,,FALSE,FALSE,,FALSE,,,
60464752281,JDAS16020,Ivy Luo,cell phone case packaging,,,,FALSE,FALSE,FALSE,FALSE,415,17,180
60464752281,JDAS16020,Ivy Luo,phone case mobile,,,,FALSE,FALSE,FALSE,FALSE,79,3,36
60464283875,JDHB16056,Eva Zhu,pu synthetic leather for bags,,,,FALSE,FALSE,,FALSE,,,
60464283875,JDHB16056,Eva Zhu,pu leather for bags,,,,FALSE,FALSE,FALSE,FALSE,176,6,29
60464811451,JDAS16021,Amy Wei,bracelet leather,4.35,4.35,60464811451,FALSE,FALSE,FALSE,FALSE,404,19,240
60464811451,JDAS16021,Amy Wei,men bracelet leather,19.35,3.23,60486736821,FALSE,FALSE,FALSE,FALSE,285,4,210
60464811451,JDAS16021,Amy Wei,world best bracelets,4.2,1.08,60464811451,FALSE,FALSE,FALSE,TRUE,82,1,8
60464255194,JDAS16022,Amy Wei,leather bracelets for men,4.28,4.28,60464255194,FALSE,FALSE,FALSE,FALSE,484,20,270
60464255194,JDAS16022,Amy Wei,fashion bracelets 2015,7.25,7.25,60464255194,FALSE,FALSE,FALSE,FALSE,552,10,150
60464255194,JDAS16022,Amy Wei,make your own name bracelets,1.23,1.23,60464255194,FALSE,FALSE,FALSE,FALSE,62,0,80
60486058437,JDAS16023,Amy Wei,leather bracelet,19.16,5.29,60464255194,FALSE,FALSE,FALSE,FALSE,1206,233,8000
60486058437,JDAS16023,Amy Wei,mens leather bracelet,,6.11,60486736821,FALSE,FALSE,FALSE,FALSE,592,54,420
60486058437,JDAS16023,Amy Wei,leather bracelet customized,5.32,5.32,60486058437,FALSE,FALSE,FALSE,FALSE,65,1,5
60486736821,JDAS13015,Amy Wei,fashion bracelet,,,,FALSE,FALSE,FALSE,FALSE,2005,202,7000
60486736821,JDAS13015,Amy Wei,bracelet men,,,,FALSE,FALSE,FALSE,FALSE,490,35,1400
60486736821,JDAS13015,Amy Wei,fashion bracelet 2016,7.38,7.38,60486736821,FALSE,FALSE,FALSE,FALSE,361,16,1200
60465449874,JDAS13004,Amy Wei,bracelet manufacturer,3.23,3.23,60465449874,FALSE,FALSE,FALSE,FALSE,410,5,180
60465449874,JDAS13004,Amy Wei,genuine leather bracelet,20.31,5.34,60464255194,FALSE,FALSE,FALSE,FALSE,513,22,80
60465449874,JDAS13004,Amy Wei,china bracelet,3.29,3.29,60465449874,FALSE,FALSE,FALSE,FALSE,283,0,40
60430300560,JDYB16017,Amy Wei,id card pocket holder,1.07,1.07,60430300560,FALSE,FALSE,,TRUE,,,
60430300560,JDYB16017,Amy Wei,slim card holder,6.02,1.07,60426998203,FALSE,FALSE,,TRUE,,,
60430300560,JDYB16017,Amy Wei,full grain leather card holder,1.02,1.02,60430300560,FALSE,FALSE,,TRUE,,,
60488234402,JDAS16024,Eva Zhu,tablet case,,,,FALSE,FALSE,,FALSE,,,
60488234402,JDAS16024,Eva Zhu,leather tablet case,,,,FALSE,FALSE,FALSE,FALSE,278,15,43
60488234402,JDAS16024,Eva Zhu,file case,,,,FALSE,FALSE,FALSE,FALSE,136,2,90
60467418664,JDYB16049,Amy Wei,leather wristlet,1.11,1.11,60467418664,FALSE,FALSE,FALSE,FALSE,32,1,35
60467418664,JDYB16049,Amy Wei,wholesale wristlet,1.09,1.09,60467418664,FALSE,FALSE,FALSE,FALSE,31,0,80
60467418664,JDYB16049,Amy Wei,wristlet,1.11,1.11,60467418664,FALSE,FALSE,FALSE,FALSE,89,3,180
60448539830,JDAS16011,Amy Wei,personalized leather bookmarks,1.03,1.03,60448539830,FALSE,FALSE,,TRUE,,,
60448539830,JDAS16011,Amy Wei,factory wholesale leather bookmarks,1.02,1.02,60448539830,FALSE,FALSE,,TRUE,,,
60448539830,JDAS16011,Amy Wei,leather bookmark,1.08,1.08,60448539830,FALSE,FALSE,FALSE,TRUE,59,0,90
60451131988,JDHB16039,Eva Zhu,canvas handbag,,,,FALSE,FALSE,FALSE,FALSE,715,26,180
60451131988,JDHB16039,Eva Zhu,canvas shoulder bag,,11.14,60396804611,FALSE,FALSE,FALSE,FALSE,995,36,150
60451131988,JDHB16039,Eva Zhu,mini canvas bag,,,,FALSE,FALSE,,FALSE,,,
60458476694,JDHB16044,Eva Zhu,hand bags for women pu leather 2016,1.08,1.08,60458476694,FALSE,FALSE,FALSE,TRUE,40,1,180
60468076276,JDAS16030,Ivy Luo,watchband watch,1.08,1.08,60468076276,FALSE,FALSE,FALSE,TRUE,34,2,47
60468076276,JDAS16030,Ivy Luo,leather band watch,5.01,5.01,60468076276,FALSE,FALSE,FALSE,FALSE,252,7,25
60468076276,JDAS16030,Ivy Luo,men leather band watch,,,,FALSE,FALSE,,FALSE,,,
60468009809,JDAS16029,Ivy Luo,watchband,2.15,2.15,60468009809,FALSE,FALSE,FALSE,FALSE,176,13,210
60468009809,JDAS16029,Ivy Luo,black watchband,2.09,1.04,60468009809,FALSE,FALSE,,TRUE,,,
60468009809,JDAS16029,Ivy Luo,black watchband for watch strap,2.01,1.01,60468009809,FALSE,FALSE,,TRUE,,,
60468105080,JDAS16031,Ivy Luo,watch band,17.23,2.28,60468076276,FALSE,FALSE,FALSE,FALSE,547,50,840
60468105080,JDAS16031,Ivy Luo,leather watch band,14.29,1.06,60468076276,FALSE,FALSE,FALSE,TRUE,337,17,240
60468105080,JDAS16031,Ivy Luo,watch band extenders,1.01,1.01,60468105080,FALSE,FALSE,FALSE,TRUE,39,0,90
60467343326,JDHB16064,Ivy Luo,beach bag tote,,,,FALSE,FALSE,FALSE,FALSE,93,2,21
60467343326,JDHB16064,Ivy Luo,bag beach,1.42,1.42,60467343326,FALSE,FALSE,FALSE,FALSE,134,1,90
60467343326,JDHB16064,Ivy Luo,beach tote bag,,1.18,60450375165,FALSE,FALSE,FALSE,FALSE,640,26,80
60467846882,JDHB16065,Ivy Luo,genuine leather tote bag,4.17,4.17,60467846882,FALSE,FALSE,FALSE,FALSE,194,4,90
60467846882,JDHB16065,Ivy Luo,nylon tote bag,1.37,1.37,60467846882,FALSE,FALSE,FALSE,FALSE,417,8,46
60467846882,JDHB16065,Ivy Luo,custom nylon bag,,,,FALSE,FALSE,FALSE,FALSE,174,1,11
60466691584,JDHB16066,Ivy Luo,canvas tote bag,,,,FALSE,FALSE,FALSE,FALSE,1825,252,1400
60466691584,JDHB16066,Ivy Luo,canvas tote bag leather handle,19.34,19.34,60466691584,FALSE,FALSE,FALSE,FALSE,349,7,240
60466691584,JDHB16066,Ivy Luo,waxed canvas tote bag,1.16,1.16,60466691584,FALSE,FALSE,FALSE,FALSE,150,0,180
60431149710,JDAS16007,Amy Wei,case phone,5.36,5.36,60431149710,FALSE,FALSE,FALSE,FALSE,360,7,720
60431149710,JDAS16007,Amy Wei,custom phone case,9.28,9.28,60431149710,FALSE,FALSE,,FALSE,,,
60431149710,JDAS16007,Amy Wei,case for phone,9.33,9.33,60431149710,FALSE,FALSE,FALSE,FALSE,562,17,210
60467205324,JDYB16051,Amy Wei,leather laptop sleeve,2.32,2.32,60467205324,FALSE,FALSE,FALSE,FALSE,119,3,60
60467205324,JDYB16051,Amy Wei,laptop sleeve,6.05,6.05,60467205324,FALSE,FALSE,FALSE,FALSE,680,75,1100
60467205324,JDYB16051,Amy Wei,laptop sleeve leather,7.04,7.04,60467205324,FALSE,FALSE,FALSE,FALSE,21,0,17
60467561397,JDYB16053,Amy Wei,leather sleeve,,4.14,60467205324,FALSE,FALSE,FALSE,FALSE,78,4,46
60467561397,JDYB16053,Amy Wei,notebook sleeve,10.01,10.01,60467561397,FALSE,FALSE,FALSE,FALSE,163,3,13
60467561397,JDYB16053,Amy Wei,notebook case,3.24,3.24,60467561397,FALSE,FALSE,FALSE,FALSE,284,9,90
60457238869,JDHB16054,Eva Zhu,man leather bag,,1.15,60457294792,FALSE,FALSE,,FALSE,,,
60457238869,JDHB16054,Eva Zhu,leather bags men,,1.14,60457294792,FALSE,FALSE,FALSE,FALSE,180,8,630
60259503359,JDYB15002,Eva Zhu,wallet,,1.15,1725585954,TRUE,TRUE,TRUE,FALSE,1389,148,10000
60259503359,JDYB15002,Eva Zhu,leather wallet,1.14,1.14,60259503359,TRUE,TRUE,TRUE,FALSE,1014,134,4100
60259503359,JDYB15002,Eva Zhu,man leather wallet,1.11,1.11,60259503359,TRUE,TRUE,FALSE,FALSE,494,47,540
1956481313,JDYB14169,Eva Zhu,slim wallet,1.23,1.23,1956481313,TRUE,FALSE,TRUE,FALSE,298,15,450
1956481313,JDYB14169,Eva Zhu,best slim wallet,1.07,1.07,1956481313,TRUE,FALSE,,TRUE,,,
1956481313,JDYB14169,Eva Zhu,slim leather wallet,1.15,1.15,1956481313,TRUE,FALSE,TRUE,FALSE,121,2,34
60467340391,JDKF15006,Amy Wei,wallet 2016,,1.17,60461447412,FALSE,FALSE,FALSE,FALSE,41,1,80
60467340391,JDKF15006,Amy Wei,wallet women genuine leather,,5.23,60456564956,FALSE,FALSE,,FALSE,,,
60467340391,JDKF15006,Amy Wei,multi-popurse wallet,1.01,1.01,60467340391,FALSE,FALSE,,TRUE,,,
60491035237,JDHB16069,Eva Zhu,leather bags for ladies,1.22,1.22,60491035237,FALSE,FALSE,FALSE,FALSE,94,4,900
60469518656,JDAS16034,Eva Zhu,leather watch strap,4.35,1.09,60469518656,FALSE,FALSE,FALSE,TRUE,425,32,4300
60468709718,JDHB16070,Eva Zhu,ladies leather vanity bag,1.09,1.09,60468709718,FALSE,FALSE,FALSE,FALSE,300,7,660
60469143076,JDAS16035,Amy Wei,leather tag,6.07,6.07,60469143076,FALSE,FALSE,FALSE,FALSE,160,1,90
60469143076,JDAS16035,Amy Wei,leather hang tag,1.07,1.07,60469143076,FALSE,FALSE,FALSE,TRUE,148,1,60
60469143076,JDAS16035,Amy Wei,embossed leather tag,2.23,2.23,60469143076,FALSE,FALSE,FALSE,FALSE,154,2,28
60468209497,JDAS16033,Amy Wei,genuine leather case,,7.09,60431149710,FALSE,FALSE,FALSE,FALSE,478,14,60
60468209497,JDAS16033,Amy Wei,leather mobile case,,6.26,60384640252,FALSE,FALSE,FALSE,FALSE,138,0,16
60468209497,JDAS16033,Amy Wei,genuine leather phone case,,6.04,60431149710,FALSE,FALSE,FALSE,FALSE,234,13,80
60402116342,JDLA15012,Amy Wei,women belt dresses 2016,1.03,1.03,60402116342,TRUE,FALSE,,TRUE,,,
60402116342,JDLA15012,Amy Wei,vegetable tanned leather belt,8.06,1.02,60344984910,TRUE,FALSE,,TRUE,,,
60402116342,JDLA15012,Amy Wei,online belt,1.06,1.06,60402116342,TRUE,FALSE,,TRUE,,,
60491787222,JDYB16056,Amy Wei,crazy horse leather wallet,1.05,1.05,60491787222,FALSE,FALSE,FALSE,TRUE,56,2,21
60491787222,JDYB16056,Amy Wei,wallet for men,,1.13,60424338310,FALSE,FALSE,FALSE,FALSE,315,15,150
60491787222,JDYB16056,Amy Wei,wholesale wallet,,1.16,60260087304,FALSE,FALSE,,FALSE,,,
60468955577,JDYB16055,Eva Zhu,carbon fiber wallet,1.07,1.07,60468955577,FALSE,FALSE,FALSE,TRUE,130,18,390
60470207632,JDHB16071,Eva Zhu,shopping bag,,,,FALSE,FALSE,FALSE,FALSE,4161,731,13000
60470207632,JDHB16071,Eva Zhu,leather shopping bag,1.28,1.28,60470207632,FALSE,FALSE,FALSE,FALSE,168,2,16
60467726570,JDHB16067,Bella Zhang,backpack,,,,FALSE,FALSE,TRUE,FALSE,2198,423,18000
60467726570,JDHB16067,Bella Zhang,leather backpack,,7.19,60424628372,FALSE,FALSE,FALSE,FALSE,611,63,990
60467726570,JDHB16067,Bella Zhang,genuine leather backpack bag,2.12,2.12,60467726570,FALSE,FALSE,,FALSE,,,
60469528530,JDHB16072,Eva Zhu,travelling bag,,,,FALSE,FALSE,FALSE,FALSE,2552,431,4800
60469528530,JDHB16072,Eva Zhu,duffel bag,,,,FALSE,FALSE,FALSE,FALSE,813,100,870
60469528530,JDHB16072,Eva Zhu,leather travelling bag,,,,FALSE,FALSE,,FALSE,,,
60470432552,JDAS16009,Amy Wei,whip,8.3,8.3,60470432552,FALSE,FALSE,FALSE,FALSE,78,3,360
60470432552,JDAS16009,Amy Wei,horse whip,4.24,4.24,60470432552,FALSE,FALSE,FALSE,FALSE,55,0,100
60470432552,JDAS16009,Amy Wei,leather whip,1.02,1.02,60470432552,FALSE,FALSE,FALSE,TRUE,63,5,150
60386748549,JDHB16079,Amy Wei,small handbag,1.22,1.22,60386748549,FALSE,FALSE,FALSE,FALSE,327,5,70
60386748549,JDHB16079,Amy Wei,2016 fashion handbag,20.12,1.2,60422141528,FALSE,FALSE,FALSE,FALSE,79,1,120
60386748549,JDHB16079,Amy Wei,import handbag from china,1.1,1.1,60386748549,FALSE,FALSE,,FALSE,,,
60471805432,JDAS16041,Amy Wei,portfolio,,,,FALSE,FALSE,FALSE,FALSE,277,28,960
60471805432,JDAS16041,Amy Wei,leather portfolio,18.11,18.11,60471805432,FALSE,FALSE,FALSE,FALSE,208,28,270
60471805432,JDAS16041,Amy Wei,portfolio men's,2.11,2.11,60471805432,FALSE,FALSE,,FALSE,,,
60471642317,JDAS16042,Amy Wei,women portfolio,3.16,3.16,60471642317,FALSE,FALSE,FALSE,FALSE,57,1,480
60471642317,JDAS16042,Amy Wei,leather portfolio folder,20.27,20.27,60471642317,FALSE,FALSE,FALSE,FALSE,111,9,38
60471642317,JDAS16042,Amy Wei,portfolio folder,19.36,19.36,60471642317,FALSE,FALSE,FALSE,FALSE,151,8,150
60472549888,JDHB16073,Ivy Luo,men handbag,20.06,1.19,60472633837,FALSE,FALSE,FALSE,FALSE,362,6,150
60472549888,JDHB16073,Ivy Luo,lining fabric for handbag,15.3,15.3,60472549888,FALSE,FALSE,FALSE,FALSE,276,7,270
60472549888,JDHB16073,Ivy Luo,wholesale handbag in new york,1.38,1.38,60472549888,FALSE,FALSE,,FALSE,,,
60472633837,JDHB16074,Ivy Luo,100% genuine leather handbags,1.15,1.15,60472633837,FALSE,FALSE,FALSE,FALSE,250,13,390
60472633837,JDHB16074,Ivy Luo,handbag men,1.19,1.19,60472633837,FALSE,FALSE,FALSE,FALSE,100,1,48
60472633837,JDHB16074,Ivy Luo,buy handbag direct from china,1.12,1.12,60472633837,FALSE,FALSE,FALSE,FALSE,85,0,40
60471622906,JDYB16058,Amy Wei,wholesale cell phone wallet,,,,FALSE,FALSE,FALSE,FALSE,98,0,90
60471622906,JDYB16058,Amy Wei,cell phone wallet,,,,FALSE,FALSE,FALSE,FALSE,208,1,70
60471622906,JDYB16058,Amy Wei,phone case wallet,,,,FALSE,FALSE,FALSE,FALSE,188,2,70
60494201641,JDHB16076,Ivy Luo,brand bag,,17.27,60494188031,FALSE,FALSE,FALSE,FALSE,544,19,600
60494201641,JDHB16076,Ivy Luo,mens shoulder bag,,1.25,60408354116,FALSE,FALSE,FALSE,FALSE,1007,49,240
60494201641,JDHB16076,Ivy Luo,bag leather,,1.11,60304466653,FALSE,FALSE,FALSE,FALSE,440,39,390
60471653331,JDAS16037,Ivy Luo,luggage tag leather,2.22,2.22,60471653331,FALSE,FALSE,FALSE,FALSE,149,1,60
60471653331,JDAS16037,Ivy Luo,luggage tag custom,12.34,12.34,60471653331,FALSE,FALSE,FALSE,FALSE,90,0,17
60471653331,JDAS16037,Ivy Luo,baggage tag,4.15,4.15,60471653331,FALSE,FALSE,FALSE,FALSE,400,6,100
60472391658,JDYB16057,Amy Wei,mobile wallet,,,,FALSE,FALSE,FALSE,FALSE,83,1,32
60472391658,JDYB16057,Amy Wei,mobile phone wallet case,,,,FALSE,FALSE,FALSE,FALSE,430,6,46
60472391658,JDYB16057,Amy Wei,mobile phone leather case,,8.25,60384640252,FALSE,FALSE,FALSE,FALSE,877,38,120
60471132372,JDAS16038,Ivy Luo,bag tag,4.14,4.14,60471132372,FALSE,FALSE,FALSE,FALSE,444,15,270
60471132372,JDAS16038,Ivy Luo,suitcase tag,3.11,1.08,60471132372,FALSE,FALSE,FALSE,TRUE,105,2,48
60471132372,JDAS16038,Ivy Luo,travel tag,5.3,5.3,60471132372,FALSE,FALSE,FALSE,FALSE,261,4,60
60494188031,JDHB16075,Ivy Luo,leather bag,,1.17,60465007525,FALSE,FALSE,FALSE,FALSE,1341,120,9000
60494188031,JDHB16075,Ivy Luo,branded bag,13.36,13.36,60494188031,FALSE,FALSE,FALSE,FALSE,544,19,600
60494188031,JDHB16075,Ivy Luo,genuine crocodile leather handbag,5.2,1.06,60494188031,FALSE,FALSE,FALSE,TRUE,88,2,90
60472152987,JDAS16043,Amy Wei,Leather Journal,3.03,3.03,60472152987,FALSE,FALSE,,FALSE,,,
60472152987,JDAS16043,Amy Wei,Vintage Leather Journal,1.08,1.08,60472152987,FALSE,FALSE,,TRUE,,,
60472152987,JDAS16043,Amy Wei,Handmade Leather Journal,1.41,1.41,60472152987,FALSE,FALSE,,FALSE,,,
60411788673,JDHB16080,Amy Wei,single shoulder bag,1.14,1.14,60411788673,TRUE,FALSE,FALSE,FALSE,697,12,60
60411788673,JDHB16080,Amy Wei,small shoulder bag,1.12,1.12,60411788673,TRUE,FALSE,FALSE,FALSE,409,2,27
60411788673,JDHB16080,Amy Wei,shoulder bag women bags,1.26,1.26,60411788673,TRUE,FALSE,FALSE,FALSE,154,2,7
60474523000,JDAS16044,Amy Wei,leather file folder,3.04,3.04,60474523000,FALSE,FALSE,FALSE,FALSE,253,12,60
60474523000,JDAS16044,Amy Wei,leather document folder,2.04,1.07,60474523000,FALSE,FALSE,FALSE,TRUE,129,2,19
60474523000,JDAS16044,Amy Wei,leather folder,3.3,3.3,60474523000,FALSE,FALSE,FALSE,FALSE,197,10,480
60367995587,JDHB15016,Bella Zhang,handbag,1.21,1.21,60367995587,TRUE,TRUE,FALSE,FALSE,2523,344,36000
60367995587,JDHB15016,Bella Zhang,lady handbag,1.13,1.13,60367995587,TRUE,TRUE,FALSE,FALSE,1621,309,4000
60367995587,JDHB15016,Bella Zhang,handbag ladies 2016,1.11,1.11,60367995587,TRUE,TRUE,,FALSE,,,
60423502707,JDAS16010,Bella Zhang,baseball cap,,,,FALSE,FALSE,FALSE,FALSE,1208,330,19000
60423502707,JDAS16010,Bella Zhang,leather baseball cap,4.35,4.35,60423502707,FALSE,FALSE,FALSE,FALSE,207,6,210
60423502707,JDAS16010,Bella Zhang,genuine leather cap,1.4,1.4,60423502707,FALSE,FALSE,FALSE,FALSE,26,0,21
60384640252,JDAS15006,Ivy Luo,phone case,,10.12,60431149710,FALSE,FALSE,FALSE,FALSE,2499,404,17000
60384640252,JDAS15006,Ivy Luo,mobile phone case,,9.16,60468209497,FALSE,FALSE,,FALSE,,,
60384640252,JDAS15006,Ivy Luo,leather mobile phone case,7.12,7.12,60384640252,FALSE,FALSE,FALSE,FALSE,497,18,70
60398673659,JDHB15025,Amy Wei,backpack,,,,FALSE,FALSE,TRUE,FALSE,2198,423,18000
60398673659,JDHB15025,Amy Wei,custom backpack,9.01,9.01,60398673659,FALSE,FALSE,TRUE,FALSE,817,44,420
60398673659,JDHB15025,Amy Wei,blue jean backpack,2.07,1.05,60398673659,FALSE,FALSE,,TRUE,,,
60401583274,JDHB15047,Eva Zhu,hand bag,1.24,1.24,60401583274,FALSE,FALSE,FALSE,FALSE,2020,171,11000
60401583274,JDHB15047,Eva Zhu,lady hand bag,1.21,1.21,60401583274,FALSE,FALSE,FALSE,FALSE,966,67,1300
60401583274,JDHB15047,Eva Zhu,pu hand bag,1.13,1.13,60401583274,FALSE,FALSE,FALSE,FALSE,239,5,13
60392027201,JDHB15022,Bella Zhang,bags handbag,,1.21,60422141528,FALSE,FALSE,,FALSE,,,
60392027201,JDHB15022,Bella Zhang,handbag lb,1.02,1.02,60392027201,FALSE,FALSE,FALSE,TRUE,48,0,360
60372600399,JDHB15010,Ivy Luo,fashion handbag,,1.17,60377939084,FALSE,FALSE,TRUE,FALSE,1433,154,510
60372600399,JDHB15010,Ivy Luo,woman handbag,,1.22,60377939084,FALSE,FALSE,FALSE,FALSE,1416,162,3600
60372600399,JDHB15010,Ivy Luo,designer handbag,,1.25,60377145901,FALSE,FALSE,TRUE,FALSE,1018,71,1600
60424861823,JDAS15009,Amy Wei,key chain,10.06,10.06,60424861823,FALSE,FALSE,FALSE,FALSE,2865,145,6000
60424861823,JDAS15009,Amy Wei,leather key chain,6.14,6.14,60424861823,FALSE,FALSE,FALSE,FALSE,643,21,270
60424861823,JDAS15009,Amy Wei,custom key chain,10.33,10.33,60424861823,FALSE,FALSE,FALSE,FALSE,1731,82,270
60369800258,JDHB15015,Ivy Luo,purse,1.13,1.13,60369800258,TRUE,TRUE,FALSE,FALSE,988,63,3400
60369800258,JDHB15015,Ivy Luo,leather purse,1.1,1.1,60369800258,TRUE,TRUE,FALSE,FALSE,562,31,360
60369800258,JDHB15015,Ivy Luo,handmade leather purse,1.09,1.09,60369800258,TRUE,TRUE,,FALSE,,,
60425123626,JDHB16013,Eva Zhu,fashion canvas bag,2.09,2.09,60425123626,FALSE,FALSE,,FALSE,,,
60425123626,JDHB16013,Eva Zhu,womens canvas bag,1.35,1.35,60425123626,FALSE,FALSE,,FALSE,,,
60425123626,JDHB16013,Eva Zhu,canvas bags with leather trim,1.12,1.12,60425123626,FALSE,FALSE,,FALSE,,,
60385132914,JDHB15071,Bella Zhang,lady bag,,1.23,60401583274,FALSE,FALSE,FALSE,FALSE,1512,97,3000
60385132914,JDHB15071,Bella Zhang,2015 trendy lady bag,1.07,1.07,60385132914,FALSE,FALSE,,FALSE,,,
60385132914,JDHB15071,Bella Zhang,pu lady bag,,1.13,60401583274,FALSE,FALSE,FALSE,FALSE,242,2,38
60382284620,JDHB15044,Ivy Luo,clutch bag,5.32,5.32,60382284620,FALSE,FALSE,TRUE,FALSE,1034,111,3600
60382284620,JDHB15044,Ivy Luo,envelope clutch bag,,,,FALSE,FALSE,TRUE,FALSE,542,19,60
60382284620,JDHB15044,Ivy Luo,leather clutch bag,5.12,5.12,60382284620,FALSE,FALSE,TRUE,FALSE,372,24,70
60410091659,JDAS15011,Amy Wei,key holder,10.04,10.04,60410091659,FALSE,FALSE,FALSE,FALSE,1273,50,2100
60410091659,JDAS15011,Amy Wei,multiple key holder,1.37,1.37,60410091659,FALSE,FALSE,FALSE,FALSE,127,1,15
60410091659,JDAS15011,Amy Wei,leather multiple key holder,1.07,1.07,60410091659,FALSE,FALSE,,TRUE,,,
60393489661,JDHB15028-1,Eva Zhu,handbag imported,14.04,1.13,60386748549,FALSE,FALSE,,FALSE,,,
60393489661,JDHB15028-1,Eva Zhu,2013 new model lady handbag shoulder bag,1.11,1.11,60393489661,FALSE,FALSE,FALSE,FALSE,291,1,60
60050805268,JDMA14009,Bella Zhang,men belt,1.09,1.09,60050805268,TRUE,TRUE,,TRUE,,,
60050805268,JDMA14009,Bella Zhang,pure leather men belt,1.07,1.07,60050805268,TRUE,TRUE,,TRUE,,,
60050805268,JDMA14009,Bella Zhang,original men leather belt,1.06,1.06,60050805268,TRUE,TRUE,,TRUE,,,
60143027404,JDKF15007-2,Bella Zhang,wallet women,,1.15,60371775470,FALSE,FALSE,TRUE,FALSE,437,15,1300
60143027404,JDKF15007-2,Bella Zhang,leather wallet women,1.25,1.25,60143027404,FALSE,FALSE,FALSE,FALSE,162,6,90
60370378707,JDYB15047,Ivy Luo,id card holder,1.21,1.21,60370378707,FALSE,FALSE,TRUE,FALSE,1189,90,1300
60370378707,JDYB15047,Ivy Luo,leather id card holder,1.12,1.12,60370378707,FALSE,FALSE,TRUE,FALSE,477,25,32
60370378707,JDYB15047,Ivy Luo,id card holder in dubai,1.06,1.06,60370378707,FALSE,FALSE,TRUE,TRUE,57,0,32
60382847029,JDHB15043,Amy Wei,fashion bag,4.08,4.08,60382847029,FALSE,FALSE,FALSE,FALSE,2020,94,720
60382847029,JDHB15043,Amy Wei,lady fashion bag,,1.22,60392063153,FALSE,FALSE,FALSE,FALSE,1405,49,300
60366575316,JDYB14067,Eva Zhu,hand purse for ladies,1.26,1.26,60366575316,TRUE,FALSE,,FALSE,,,
60366575316,JDYB14067,Eva Zhu,latest design ladies purse,1.14,1.14,60366575316,TRUE,FALSE,TRUE,FALSE,432,5,780
60366575316,JDYB14067,Eva Zhu,chinese purse,8.14,8.14,60366575316,TRUE,FALSE,,FALSE,,,
60385847519,JDHB15051,Bella Zhang,leather backpack,,7.2,60424628372,TRUE,FALSE,FALSE,FALSE,611,63,990
60385847519,JDHB15051,Bella Zhang,genuine leather backpack,4.1,4.1,60385847519,TRUE,FALSE,FALSE,FALSE,318,23,120
60385847519,JDHB15051,Bella Zhang,womens leather backpack,4.27,4.27,60385847519,TRUE,FALSE,,FALSE,,,
60407785221,JDHB15095,Ivy Luo,leather messenger bag,4.2,4.2,60407785221,TRUE,FALSE,FALSE,FALSE,607,43,1600
60407785221,JDHB15095,Ivy Luo,mens leather messenger bag,,1.13,60457294792,TRUE,FALSE,,FALSE,,,
60407785221,JDHB15095,Ivy Luo,mens messenger bag,,1.13,60457294792,TRUE,FALSE,FALSE,FALSE,500,24,120
60398803182,JDHB15092,Amy Wei,genuine leather bag,,1.14,60457294792,FALSE,FALSE,FALSE,FALSE,955,82,540
60398803182,JDHB15092,Amy Wei,genuine leather bag ladies,,1.18,60463277723,FALSE,FALSE,FALSE,FALSE,117,2,90
60398803182,JDHB15092,Amy Wei,women genuine leather bag,,1.16,60411788673,FALSE,FALSE,,FALSE,,,
60368767575,JDYB15005,Eva Zhu,leather card holder,,1.16,60368456644,FALSE,FALSE,FALSE,FALSE,836,61,420
60368767575,JDYB15005,Eva Zhu,genuine leather card holder,11.03,1.08,60370378707,FALSE,FALSE,FALSE,TRUE,243,16,16
60368767575,JDYB15005,Eva Zhu,card holder leather,,1.1,60368456644,FALSE,FALSE,TRUE,FALSE,192,2,120
60354316944,JDYB15014,Ivy Luo,magic wallet,1.12,1.12,60354316944,FALSE,FALSE,TRUE,FALSE,424,12,540
60354316944,JDYB15014,Ivy Luo,leather magic wallet,1.09,1.09,60354316944,FALSE,FALSE,,FALSE,,,
60361311944,JDYB14021,Amy Wei,wallet the,,1.25,60355262155,TRUE,FALSE,FALSE,FALSE,54,0,210
60361311944,JDYB14021,Amy Wei,the wallet,,1.25,60355262155,TRUE,FALSE,FALSE,FALSE,75,0,80
60361311944,JDYB14021,Amy Wei,couple wallet,1.03,1.03,60361311944,TRUE,FALSE,FALSE,TRUE,66,1,90
60330988550,JDYB15006,Eva Zhu,card wallet,,1.33,60370205214,FALSE,FALSE,TRUE,FALSE,590,13,270
60330988550,JDYB15006,Eva Zhu,credit card wallet,1.25,1.25,60330988550,FALSE,FALSE,TRUE,FALSE,486,11,150
60330988550,JDYB15006,Eva Zhu,slim credit card wallet,1.06,1.06,60330988550,FALSE,FALSE,,TRUE,,,
60373779907,JDHB15013,Bella Zhang,guangzhou handbag,1.16,1.16,60373779907,FALSE,FALSE,TRUE,FALSE,189,8,210
60373779907,JDHB15013,Bella Zhang,guangzhou handbag market,2.23,2.23,60373779907,FALSE,FALSE,TRUE,FALSE,181,2,180
60373779907,JDHB15013,Bella Zhang,guangzhou designer handbag,1.12,1.12,60373779907,FALSE,FALSE,TRUE,FALSE,126,0,28
60397234320,JDHB15090,Ivy Luo,leather bag,,1.17,60465007525,FALSE,FALSE,FALSE,FALSE,1341,120,9000
60397234320,JDHB15090,Ivy Luo,lady leather bag,,1.22,60468709718,FALSE,FALSE,FALSE,FALSE,382,12,180
60397234320,JDHB15090,Ivy Luo,handmade leather bag,1.16,1.16,60397234320,FALSE,FALSE,FALSE,FALSE,251,1,120
60345235889,JDMA15043,Amy Wei,military belt,9.06,1.09,60337888950,FALSE,FALSE,TRUE,TRUE,259,37,510
60345235889,JDMA15043,Amy Wei,military white belt,1.06,1.06,60345235889,FALSE,FALSE,,TRUE,,,
60345235889,JDMA15043,Amy Wei,military canvas belt,1.07,1.07,60345235889,FALSE,FALSE,FALSE,TRUE,124,4,25
